indicator_id,indicator_label,area_code,area_name,value,unit,period,source,source_url,geography,feature_id_key,indicator_group,value_direction,interpretation,aggregation_method,mean_imd_rank,mean_imd_score,unweighted_mean_imd_rank,median_imd_rank,population_total,lsoa_count,most_deprived_10_lsoa_count,most_deprived_10_lsoa_pct,most_deprived_20_lsoa_count,most_deprived_20_lsoa_pct,need_score
imd2019_need,IMD 2019 population-weighted relative need index,E07000223,Adur,49.9,0-100 relative index,2019,"English Indices of Deprivation 2019 File 7: ranks, deciles, scores and population denominators",https://assets.publishing.service.gov.uk/media/5dc407b440f0b6379a7acc8d/File_7_-_All_IoD2019_Scores__Ranks__Deciles_and_Population_Denominators_3.csv,lad_2019,properties.lad19cd,social_need,higher_is_higher_need,"Higher index values mean stronger relative deprivation within the selected geography level. The index is derived from the population-weighted average IMD rank of LSOAs in each 2019 local authority; 100 is the highest relative need in the current map, not an absolute deprivation score.",Population-weighted average IMD rank using total population mid-2015 excluding prisoners,17849.1,17.6,17775.0,18760.5,63526,42,0,0.0,1,2.4,49.9
imd2019_need,IMD 2019 population-weighted relative need index,E07000026,Allerdale,61.9,0-100 relative index,2019,"English Indices of Deprivation 2019 File 7: ranks, deciles, scores and population denominators",https://assets.publishing.service.gov.uk/media/5dc407b440f0b6379a7acc8d/File_7_-_All_IoD2019_Scores__Ranks__Deciles_and_Population_Denominators_3.csv,lad_2019,properties.lad19cd,social_need,higher_is_higher_need,"Higher index values mean stronger relative deprivation within the selected geography level. The index is derived from the population-weighted average IMD rank of LSOAs in each 2019 local authority; 100 is the highest relative need in the current map, not an absolute deprivation score.",Population-weighted average IMD rank using total population mid-2015 excluding prisoners,15016.2,22.9,15164.0,15193.5,96756,60,7,11.7,12,20.0,61.9
imd2019_need,IMD 2019 population-weighted relative need index,E07000032,Amber Valley,48.9,0-100 relative index,2019,"English Indices of Deprivation 2019 File 7: ranks, deciles, scores and population denominators",https://assets.publishing.service.gov.uk/media/5dc407b440f0b6379a7acc8d/File_7_-_All_IoD2019_Scores__Ranks__Deciles_and_Population_Denominators_3.csv,lad_2019,properties.lad19cd,social_need,higher_is_higher_need,"Higher index values mean stronger relative deprivation within the selected geography level. The index is derived from the population-weighted average IMD rank of LSOAs in each 2019 local authority; 100 is the highest relative need in the current map, not an absolute deprivation score.",Population-weighted average IMD rank using total population mid-2015 excluding prisoners,18089.5,18.0,18042.6,17922.5,124188,78,3,3.8,8,10.3,48.9
imd2019_need,IMD 2019 population-weighted relative need index,E07000224,Arun,52.3,0-100 relative index,2019,"English Indices of Deprivation 2019 File 7: ranks, deciles, scores and population denominators",https://assets.publishing.service.gov.uk/media/5dc407b440f0b6379a7acc8d/File_7_-_All_IoD2019_Scores__Ranks__Deciles_and_Population_Denominators_3.csv,lad_2019,properties.lad19cd,social_need,higher_is_higher_need,"Higher index values mean stronger relative deprivation within the selected geography level. The index is derived from the population-weighted average IMD rank of LSOAs in each 2019 local authority; 100 is the highest relative need in the current map, not an absolute deprivation score.",Population-weighted average IMD rank using total population mid-2015 excluding prisoners,17287.9,18.6,17267.0,18096.0,155307,94,4,4.3,10,10.6,52.3
imd2019_need,IMD 2019 population-weighted relative need index,E07000170,Ashfield,72.6,0-100 relative index,2019,"English Indices of Deprivation 2019 File 7: ranks, deciles, scores and population denominators",https://assets.publishing.service.gov.uk/media/5dc407b440f0b6379a7acc8d/File_7_-_All_IoD2019_Scores__Ranks__Deciles_and_Population_Denominators_3.csv,lad_2019,properties.lad19cd,social_need,higher_is_higher_need,"Higher index values mean stronger relative deprivation within the selected geography level. The index is derived from the population-weighted average IMD rank of LSOAs in each 2019 local authority; 100 is the highest relative need in the current map, not an absolute deprivation score.",Population-weighted average IMD rank using total population mid-2015 excluding prisoners,12520.9,26.3,12486.4,11654.0,123577,74,12,16.2,21,28.4,72.6
imd2019_need,IMD 2019 population-weighted relative need index,E07000105,Ashford,52.0,0-100 relative index,2019,"English Indices of Deprivation 2019 File 7: ranks, deciles, scores and population denominators",https://assets.publishing.service.gov.uk/media/5dc407b440f0b6379a7acc8d/File_7_-_All_IoD2019_Scores__Ranks__Deciles_and_Population_Denominators_3.csv,lad_2019,properties.lad19cd,social_need,higher_is_higher_need,"Higher index values mean stronger relative deprivation within the selected geography level. The index is derived from the population-weighted average IMD rank of LSOAs in each 2019 local authority; 100 is the highest relative need in the current map, not an absolute deprivation score.",Population-weighted average IMD rank using total population mid-2015 excluding prisoners,17360.4,18.5,17247.8,17610.0,124047,78,1,1.3,10,12.8,52.0
imd2019_need,IMD 2019 population-weighted relative need index,E07000004,Aylesbury Vale,24.3,0-100 relative index,2019,"English Indices of Deprivation 2019 File 7: ranks, deciles, scores and population denominators",https://assets.publishing.service.gov.uk/media/5dc407b440f0b6379a7acc8d/File_7_-_All_IoD2019_Scores__Ranks__Deciles_and_Population_Denominators_3.csv,lad_2019,properties.lad19cd,social_need,higher_is_higher_need,"Higher index values mean stronger relative deprivation within the selected geography level. The index is derived from the population-weighted average IMD rank of LSOAs in each 2019 local authority; 100 is the highest relative need in the current map, not an absolute deprivation score.",Population-weighted average IMD rank using total population mid-2015 excluding prisoners,23843.7,11.2,24008.9,25765.0,187522,115,0,0.0,1,0.9,24.3
imd2019_need,IMD 2019 population-weighted relative need index,E07000200,Babergh,38.6,0-100 relative index,2019,"English Indices of Deprivation 2019 File 7: ranks, deciles, scores and population denominators",https://assets.publishing.service.gov.uk/media/5dc407b440f0b6379a7acc8d/File_7_-_All_IoD2019_Scores__Ranks__Deciles_and_Population_Denominators_3.csv,lad_2019,properties.lad19cd,social_need,higher_is_higher_need,"Higher index values mean stronger relative deprivation within the selected geography level. The index is derived from the population-weighted average IMD rank of LSOAs in each 2019 local authority; 100 is the highest relative need in the current map, not an absolute deprivation score.",Population-weighted average IMD rank using total population mid-2015 excluding prisoners,20505.9,14.3,20405.2,21179.5,89900,54,0,0.0,0,0.0,38.6
imd2019_need,IMD 2019 population-weighted relative need index,E09000002,Barking and Dagenham,94.8,0-100 relative index,2019,"English Indices of Deprivation 2019 File 7: ranks, deciles, scores and population denominators",https://assets.publishing.service.gov.uk/media/5dc407b440f0b6379a7acc8d/File_7_-_All_IoD2019_Scores__Ranks__Deciles_and_Population_Denominators_3.csv,lad_2019,properties.lad19cd,social_need,higher_is_higher_need,"Higher index values mean stronger relative deprivation within the selected geography level. The index is derived from the population-weighted average IMD rank of LSOAs in each 2019 local authority; 100 is the highest relative need in the current map, not an absolute deprivation score.",Population-weighted average IMD rank using total population mid-2015 excluding prisoners,7293.1,32.8,7244.5,6376.5,203101,110,4,3.6,60,54.5,94.8
imd2019_need,IMD 2019 population-weighted relative need index,E09000003,Barnet,44.8,0-100 relative index,2019,"English Indices of Deprivation 2019 File 7: ranks, deciles, scores and population denominators",https://assets.publishing.service.gov.uk/media/5dc407b440f0b6379a7acc8d/File_7_-_All_IoD2019_Scores__Ranks__Deciles_and_Population_Denominators_3.csv,lad_2019,properties.lad19cd,social_need,higher_is_higher_need,"Higher index values mean stronger relative deprivation within the selected geography level. The index is derived from the population-weighted average IMD rank of LSOAs in each 2019 local authority; 100 is the highest relative need in the current map, not an absolute deprivation score.",Population-weighted average IMD rank using total population mid-2015 excluding prisoners,19041.6,16.1,19287.5,20414.0,378778,211,1,0.5,7,3.3,44.8
imd2019_need,IMD 2019 population-weighted relative need index,E08000016,Barnsley,79.1,0-100 relative index,2019,"English Indices of Deprivation 2019 File 7: ranks, deciles, scores and population denominators",https://assets.publishing.service.gov.uk/media/5dc407b440f0b6379a7acc8d/File_7_-_All_IoD2019_Scores__Ranks__Deciles_and_Population_Denominators_3.csv,lad_2019,properties.lad19cd,social_need,higher_is_higher_need,"Higher index values mean stronger relative deprivation within the selected geography level. The index is derived from the population-weighted average IMD rank of LSOAs in each 2019 local authority; 100 is the highest relative need in the current map, not an absolute deprivation score.",Population-weighted average IMD rank using total population mid-2015 excluding prisoners,10994.8,29.9,10996.1,8841.0,239855,147,32,21.8,58,39.5,79.1
imd2019_need,IMD 2019 population-weighted relative need index,E07000027,Barrow-in-Furness,76.4,0-100 relative index,2019,"English Indices of Deprivation 2019 File 7: ranks, deciles, scores and population denominators",https://assets.publishing.service.gov.uk/media/5dc407b440f0b6379a7acc8d/File_7_-_All_IoD2019_Scores__Ranks__Deciles_and_Population_Denominators_3.csv,lad_2019,properties.lad19cd,social_need,higher_is_higher_need,"Higher index values mean stronger relative deprivation within the selected geography level. The index is derived from the population-weighted average IMD rank of LSOAs in each 2019 local authority; 100 is the highest relative need in the current map, not an absolute deprivation score.",Population-weighted average IMD rank using total population mid-2015 excluding prisoners,11618.0,31.1,11460.5,9724.0,67676,49,12,24.5,20,40.8,76.4
imd2019_need,IMD 2019 population-weighted relative need index,E07000066,Basildon,61.6,0-100 relative index,2019,"English Indices of Deprivation 2019 File 7: ranks, deciles, scores and population denominators",https://assets.publishing.service.gov.uk/media/5dc407b440f0b6379a7acc8d/File_7_-_All_IoD2019_Scores__Ranks__Deciles_and_Population_Denominators_3.csv,lad_2019,properties.lad19cd,social_need,higher_is_higher_need,"Higher index values mean stronger relative deprivation within the selected geography level. The index is derived from the population-weighted average IMD rank of LSOAs in each 2019 local authority; 100 is the highest relative need in the current map, not an absolute deprivation score.",Population-weighted average IMD rank using total population mid-2015 excluding prisoners,15100.4,23.2,15487.9,13030.0,181951,110,12,10.9,26,23.6,61.6
imd2019_need,IMD 2019 population-weighted relative need index,E07000084,Basingstoke and Deane,30.8,0-100 relative index,2019,"English Indices of Deprivation 2019 File 7: ranks, deciles, scores and population denominators",https://assets.publishing.service.gov.uk/media/5dc407b440f0b6379a7acc8d/File_7_-_All_IoD2019_Scores__Ranks__Deciles_and_Population_Denominators_3.csv,lad_2019,properties.lad19cd,social_need,higher_is_higher_need,"Higher index values mean stronger relative deprivation within the selected geography level. The index is derived from the population-weighted average IMD rank of LSOAs in each 2019 local authority; 100 is the highest relative need in the current map, not an absolute deprivation score.",Population-weighted average IMD rank using total population mid-2015 excluding prisoners,22317.4,12.8,22468.9,23948.0,174340,109,0,0.0,1,0.9,30.8
imd2019_need,IMD 2019 population-weighted relative need index,E07000171,Bassetlaw,62.2,0-100 relative index,2019,"English Indices of Deprivation 2019 File 7: ranks, deciles, scores and population denominators",https://assets.publishing.service.gov.uk/media/5dc407b440f0b6379a7acc8d/File_7_-_All_IoD2019_Scores__Ranks__Deciles_and_Population_Denominators_3.csv,lad_2019,properties.lad19cd,social_need,higher_is_higher_need,"Higher index values mean stronger relative deprivation within the selected geography level. The index is derived from the population-weighted average IMD rank of LSOAs in each 2019 local authority; 100 is the highest relative need in the current map, not an absolute deprivation score.",Population-weighted average IMD rank using total population mid-2015 excluding prisoners,14967.3,22.6,14627.0,14605.5,113741,70,5,7.1,15,21.4,62.2
imd2019_need,IMD 2019 population-weighted relative need index,E06000022,Bath and North East Somerset,25.5,0-100 relative index,2019,"English Indices of Deprivation 2019 File 7: ranks, deciles, scores and population denominators",https://assets.publishing.service.gov.uk/media/5dc407b440f0b6379a7acc8d/File_7_-_All_IoD2019_Scores__Ranks__Deciles_and_Population_Denominators_3.csv,lad_2019,properties.lad19cd,social_need,higher_is_higher_need,"Higher index values mean stronger relative deprivation within the selected geography level. The index is derived from the population-weighted average IMD rank of LSOAs in each 2019 local authority; 100 is the highest relative need in the current map, not an absolute deprivation score.",Population-weighted average IMD rank using total population mid-2015 excluding prisoners,23584.9,11.7,23317.6,25357.0,184287,115,2,1.7,5,4.3,25.5
imd2019_need,IMD 2019 population-weighted relative need index,E06000055,Bedford,51.1,0-100 relative index,2019,"English Indices of Deprivation 2019 File 7: ranks, deciles, scores and population denominators",https://assets.publishing.service.gov.uk/media/5dc407b440f0b6379a7acc8d/File_7_-_All_IoD2019_Scores__Ranks__Deciles_and_Population_Denominators_3.csv,lad_2019,properties.lad19cd,social_need,higher_is_higher_need,"Higher index values mean stronger relative deprivation within the selected geography level. The index is derived from the population-weighted average IMD rank of LSOAs in each 2019 local authority; 100 is the highest relative need in the current map, not an absolute deprivation score.",Population-weighted average IMD rank using total population mid-2015 excluding prisoners,17554.0,18.9,17450.1,18256.0,166221,103,4,3.9,14,13.6,51.1
imd2019_need,IMD 2019 population-weighted relative need index,E09000004,Bexley,43.6,0-100 relative index,2019,"English Indices of Deprivation 2019 File 7: ranks, deciles, scores and population denominators",https://assets.publishing.service.gov.uk/media/5dc407b440f0b6379a7acc8d/File_7_-_All_IoD2019_Scores__Ranks__Deciles_and_Population_Denominators_3.csv,lad_2019,properties.lad19cd,social_need,higher_is_higher_need,"Higher index values mean stronger relative deprivation within the selected geography level. The index is derived from the population-weighted average IMD rank of LSOAs in each 2019 local authority; 100 is the highest relative need in the current map, not an absolute deprivation score.",Population-weighted average IMD rank using total population mid-2015 excluding prisoners,19315.3,16.3,19696.1,21124.0,242387,146,0,0.0,9,6.2,43.6
imd2019_need,IMD 2019 population-weighted relative need index,E08000025,Birmingham,93.8,0-100 relative index,2019,"English Indices of Deprivation 2019 File 7: ranks, deciles, scores and population denominators",https://assets.publishing.service.gov.uk/media/5dc407b440f0b6379a7acc8d/File_7_-_All_IoD2019_Scores__Ranks__Deciles_and_Population_Denominators_3.csv,lad_2019,properties.lad19cd,social_need,higher_is_higher_need,"Higher index values mean stronger relative deprivation within the selected geography level. The index is derived from the population-weighted average IMD rank of LSOAs in each 2019 local authority; 100 is the highest relative need in the current map, not an absolute deprivation score.",Population-weighted average IMD rank using total population mid-2015 excluding prisoners,7525.5,38.1,7752.4,4791.0,1112305,639,264,41.3,360,56.3,93.8
imd2019_need,IMD 2019 population-weighted relative need index,E07000129,Blaby,23.2,0-100 relative index,2019,"English Indices of Deprivation 2019 File 7: ranks, deciles, scores and population denominators",https://assets.publishing.service.gov.uk/media/5dc407b440f0b6379a7acc8d/File_7_-_All_IoD2019_Scores__Ranks__Deciles_and_Population_Denominators_3.csv,lad_2019,properties.lad19cd,social_need,higher_is_higher_need,"Higher index values mean stronger relative deprivation within the selected geography level. The index is derived from the population-weighted average IMD rank of LSOAs in each 2019 local authority; 100 is the highest relative need in the current map, not an absolute deprivation score.",Population-weighted average IMD rank using total population mid-2015 excluding prisoners,24106.4,10.6,23774.6,23994.5,96102,60,0,0.0,0,0.0,23.2
imd2019_need,IMD 2019 population-weighted relative need index,E06000008,Blackburn with Darwen,87.5,0-100 relative index,2019,"English Indices of Deprivation 2019 File 7: ranks, deciles, scores and population denominators",https://assets.publishing.service.gov.uk/media/5dc407b440f0b6379a7acc8d/File_7_-_All_IoD2019_Scores__Ranks__Deciles_and_Population_Denominators_3.csv,lad_2019,properties.lad19cd,social_need,higher_is_higher_need,"Higher index values mean stronger relative deprivation within the selected geography level. The index is derived from the population-weighted average IMD rank of LSOAs in each 2019 local authority; 100 is the highest relative need in the current map, not an absolute deprivation score.",Population-weighted average IMD rank using total population mid-2015 excluding prisoners,9025.4,36.0,9192.5,5122.0,147856,91,33,36.3,51,56.0,87.5
imd2019_need,IMD 2019 population-weighted relative need index,E06000009,Blackpool,100.0,0-100 relative index,2019,"English Indices of Deprivation 2019 File 7: ranks, deciles, scores and population denominators",https://assets.publishing.service.gov.uk/media/5dc407b440f0b6379a7acc8d/File_7_-_All_IoD2019_Scores__Ranks__Deciles_and_Population_Denominators_3.csv,lad_2019,properties.lad19cd,social_need,higher_is_higher_need,"Higher index values mean stronger relative deprivation within the selected geography level. The index is derived from the population-weighted average IMD rank of LSOAs in each 2019 local authority; 100 is the highest relative need in the current map, not an absolute deprivation score.",Population-weighted average IMD rank using total population mid-2015 excluding prisoners,6079.7,45.0,5885.3,4585.0,140162,94,39,41.5,55,58.5,100.0
imd2019_need,IMD 2019 population-weighted relative need index,E07000033,Bolsover,73.1,0-100 relative index,2019,"English Indices of Deprivation 2019 File 7: ranks, deciles, scores and population denominators",https://assets.publishing.service.gov.uk/media/5dc407b440f0b6379a7acc8d/File_7_-_All_IoD2019_Scores__Ranks__Deciles_and_Population_Denominators_3.csv,lad_2019,properties.lad19cd,social_need,higher_is_higher_need,"Higher index values mean stronger relative deprivation within the selected geography level. The index is derived from the population-weighted average IMD rank of LSOAs in each 2019 local authority; 100 is the highest relative need in the current map, not an absolute deprivation score.",Population-weighted average IMD rank using total population mid-2015 excluding prisoners,12404.2,25.0,12545.4,11594.5,77917,48,2,4.2,11,22.9,73.1
imd2019_need,IMD 2019 population-weighted relative need index,E08000001,Bolton,76.0,0-100 relative index,2019,"English Indices of Deprivation 2019 File 7: ranks, deciles, scores and population denominators",https://assets.publishing.service.gov.uk/media/5dc407b440f0b6379a7acc8d/File_7_-_All_IoD2019_Scores__Ranks__Deciles_and_Population_Denominators_3.csv,lad_2019,properties.lad19cd,social_need,higher_is_higher_need,"Higher index values mean stronger relative deprivation within the selected geography level. The index is derived from the population-weighted average IMD rank of LSOAs in each 2019 local authority; 100 is the highest relative need in the current map, not an absolute deprivation score.",Population-weighted average IMD rank using total population mid-2015 excluding prisoners,11709.6,30.7,12005.5,8173.0,281828,177,42,23.7,75,42.4,76.0
imd2019_need,IMD 2019 population-weighted relative need index,E07000136,Boston,68.0,0-100 relative index,2019,"English Indices of Deprivation 2019 File 7: ranks, deciles, scores and population denominators",https://assets.publishing.service.gov.uk/media/5dc407b440f0b6379a7acc8d/File_7_-_All_IoD2019_Scores__Ranks__Deciles_and_Population_Denominators_3.csv,lad_2019,properties.lad19cd,social_need,higher_is_higher_need,"Higher index values mean stronger relative deprivation within the selected geography level. The index is derived from the population-weighted average IMD rank of LSOAs in each 2019 local authority; 100 is the highest relative need in the current map, not an absolute deprivation score.",Population-weighted average IMD rank using total population mid-2015 excluding prisoners,13588.7,23.0,13713.1,11506.5,66583,36,1,2.8,4,11.1,68.0
imd2019_need,IMD 2019 population-weighted relative need index,E06000058,"Bournemouth, Christchurch and Poole",49.1,0-100 relative index,2019,"English Indices of Deprivation 2019 File 7: ranks, deciles, scores and population denominators",https://assets.publishing.service.gov.uk/media/5dc407b440f0b6379a7acc8d/File_7_-_All_IoD2019_Scores__Ranks__Deciles_and_Population_Denominators_3.csv,lad_2019,properties.lad19cd,social_need,higher_is_higher_need,"Higher index values mean stronger relative deprivation within the selected geography level. The index is derived from the population-weighted average IMD rank of LSOAs in each 2019 local authority; 100 is the highest relative need in the current map, not an absolute deprivation score.",Population-weighted average IMD rank using total population mid-2015 excluding prisoners,18024.3,18.2,18284.0,19140.0,390889,233,9,3.9,26,11.2,49.1
imd2019_need,IMD 2019 population-weighted relative need index,E06000036,Bracknell Forest,21.3,0-100 relative index,2019,"English Indices of Deprivation 2019 File 7: ranks, deciles, scores and population denominators",https://assets.publishing.service.gov.uk/media/5dc407b440f0b6379a7acc8d/File_7_-_All_IoD2019_Scores__Ranks__Deciles_and_Population_Denominators_3.csv,lad_2019,properties.lad19cd,social_need,higher_is_higher_need,"Higher index values mean stronger relative deprivation within the selected geography level. The index is derived from the population-weighted average IMD rank of LSOAs in each 2019 local authority; 100 is the highest relative need in the current map, not an absolute deprivation score.",Population-weighted average IMD rank using total population mid-2015 excluding prisoners,24549.2,10.2,24498.4,25776.0,119205,75,0,0.0,0,0.0,21.3
imd2019_need,IMD 2019 population-weighted relative need index,E08000032,Bradford,84.3,0-100 relative index,2019,"English Indices of Deprivation 2019 File 7: ranks, deciles, scores and population denominators",https://assets.publishing.service.gov.uk/media/5dc407b440f0b6379a7acc8d/File_7_-_All_IoD2019_Scores__Ranks__Deciles_and_Population_Denominators_3.csv,lad_2019,properties.lad19cd,social_need,higher_is_higher_need,"Higher index values mean stronger relative deprivation within the selected geography level. The index is derived from the population-weighted average IMD rank of LSOAs in each 2019 local authority; 100 is the highest relative need in the current map, not an absolute deprivation score.",Population-weighted average IMD rank using total population mid-2015 excluding prisoners,9758.2,34.7,10199.3,7050.5,529879,310,104,33.5,146,47.1,84.3
imd2019_need,IMD 2019 population-weighted relative need index,E07000067,Braintree,40.2,0-100 relative index,2019,"English Indices of Deprivation 2019 File 7: ranks, deciles, scores and population denominators",https://assets.publishing.service.gov.uk/media/5dc407b440f0b6379a7acc8d/File_7_-_All_IoD2019_Scores__Ranks__Deciles_and_Population_Denominators_3.csv,lad_2019,properties.lad19cd,social_need,higher_is_higher_need,"Higher index values mean stronger relative deprivation within the selected geography level. The index is derived from the population-weighted average IMD rank of LSOAs in each 2019 local authority; 100 is the highest relative need in the current map, not an absolute deprivation score.",Population-weighted average IMD rank using total population mid-2015 excluding prisoners,20128.9,14.7,20081.9,19672.0,150530,87,0,0.0,2,2.3,40.2
imd2019_need,IMD 2019 population-weighted relative need index,E07000143,Breckland,57.7,0-100 relative index,2019,"English Indices of Deprivation 2019 File 7: ranks, deciles, scores and population denominators",https://assets.publishing.service.gov.uk/media/5dc407b440f0b6379a7acc8d/File_7_-_All_IoD2019_Scores__Ranks__Deciles_and_Population_Denominators_3.csv,lad_2019,properties.lad19cd,social_need,higher_is_higher_need,"Higher index values mean stronger relative deprivation within the selected geography level. The index is derived from the population-weighted average IMD rank of LSOAs in each 2019 local authority; 100 is the highest relative need in the current map, not an absolute deprivation score.",Population-weighted average IMD rank using total population mid-2015 excluding prisoners,16011.0,19.6,15965.9,16169.5,134787,78,1,1.3,7,9.0,57.7
imd2019_need,IMD 2019 population-weighted relative need index,E09000005,Brent,75.8,0-100 relative index,2019,"English Indices of Deprivation 2019 File 7: ranks, deciles, scores and population denominators",https://assets.publishing.service.gov.uk/media/5dc407b440f0b6379a7acc8d/File_7_-_All_IoD2019_Scores__Ranks__Deciles_and_Population_Denominators_3.csv,lad_2019,properties.lad19cd,social_need,higher_is_higher_need,"Higher index values mean stronger relative deprivation within the selected geography level. The index is derived from the population-weighted average IMD rank of LSOAs in each 2019 local authority; 100 is the highest relative need in the current map, not an absolute deprivation score.",Population-weighted average IMD rank using total population mid-2015 excluding prisoners,11762.0,25.6,12034.7,12061.0,323443,173,10,5.8,33,19.1,75.8
imd2019_need,IMD 2019 population-weighted relative need index,E07000068,Brentwood,20.3,0-100 relative index,2019,"English Indices of Deprivation 2019 File 7: ranks, deciles, scores and population denominators",https://assets.publishing.service.gov.uk/media/5dc407b440f0b6379a7acc8d/File_7_-_All_IoD2019_Scores__Ranks__Deciles_and_Population_Denominators_3.csv,lad_2019,properties.lad19cd,social_need,higher_is_higher_need,"Higher index values mean stronger relative deprivation within the selected geography level. The index is derived from the population-weighted average IMD rank of LSOAs in each 2019 local authority; 100 is the highest relative need in the current map, not an absolute deprivation score.",Population-weighted average IMD rank using total population mid-2015 excluding prisoners,24787.0,10.0,24755.1,26511.0,76403,46,0,0.0,0,0.0,20.3
imd2019_need,IMD 2019 population-weighted relative need index,E06000043,Brighton and Hove,55.0,0-100 relative index,2019,"English Indices of Deprivation 2019 File 7: ranks, deciles, scores and population denominators",https://assets.publishing.service.gov.uk/media/5dc407b440f0b6379a7acc8d/File_7_-_All_IoD2019_Scores__Ranks__Deciles_and_Population_Denominators_3.csv,lad_2019,properties.lad19cd,social_need,higher_is_higher_need,"Higher index values mean stronger relative deprivation within the selected geography level. The index is derived from the population-weighted average IMD rank of LSOAs in each 2019 local authority; 100 is the highest relative need in the current map, not an absolute deprivation score.",Population-weighted average IMD rank using total population mid-2015 excluding prisoners,16636.0,20.8,16575.8,17451.0,284073,165,15,9.1,29,17.6,55.0
imd2019_need,IMD 2019 population-weighted relative need index,E06000023,"Bristol, City of",68.7,0-100 relative index,2019,"English Indices of Deprivation 2019 File 7: ranks, deciles, scores and population denominators",https://assets.publishing.service.gov.uk/media/5dc407b440f0b6379a7acc8d/File_7_-_All_IoD2019_Scores__Ranks__Deciles_and_Population_Denominators_3.csv,lad_2019,properties.lad19cd,social_need,higher_is_higher_need,"Higher index values mean stronger relative deprivation within the selected geography level. The index is derived from the population-weighted average IMD rank of LSOAs in each 2019 local authority; 100 is the highest relative need in the current map, not an absolute deprivation score.",Population-weighted average IMD rank using total population mid-2015 excluding prisoners,13423.3,26.4,13542.2,11746.0,450456,263,41,15.6,79,30.0,68.7
imd2019_need,IMD 2019 population-weighted relative need index,E07000144,Broadland,28.8,0-100 relative index,2019,"English Indices of Deprivation 2019 File 7: ranks, deciles, scores and population denominators",https://assets.publishing.service.gov.uk/media/5dc407b440f0b6379a7acc8d/File_7_-_All_IoD2019_Scores__Ranks__Deciles_and_Population_Denominators_3.csv,lad_2019,properties.lad19cd,social_need,higher_is_higher_need,"Higher index values mean stronger relative deprivation within the selected geography level. The index is derived from the population-weighted average IMD rank of LSOAs in each 2019 local authority; 100 is the highest relative need in the current map, not an absolute deprivation score.",Population-weighted average IMD rank using total population mid-2015 excluding prisoners,22805.1,11.8,22861.3,23617.0,126626,84,0,0.0,0,0.0,28.8
imd2019_need,IMD 2019 population-weighted relative need index,E09000006,Bromley,34.1,0-100 relative index,2019,"English Indices of Deprivation 2019 File 7: ranks, deciles, scores and population denominators",https://assets.publishing.service.gov.uk/media/5dc407b440f0b6379a7acc8d/File_7_-_All_IoD2019_Scores__Ranks__Deciles_and_Population_Denominators_3.csv,lad_2019,properties.lad19cd,social_need,higher_is_higher_need,"Higher index values mean stronger relative deprivation within the selected geography level. The index is derived from the population-weighted average IMD rank of LSOAs in each 2019 local authority; 100 is the highest relative need in the current map, not an absolute deprivation score.",Population-weighted average IMD rank using total population mid-2015 excluding prisoners,21547.6,14.2,21708.0,24247.0,325303,197,1,0.5,13,6.6,34.1
imd2019_need,IMD 2019 population-weighted relative need index,E07000234,Bromsgrove,26.1,0-100 relative index,2019,"English Indices of Deprivation 2019 File 7: ranks, deciles, scores and population denominators",https://assets.publishing.service.gov.uk/media/5dc407b440f0b6379a7acc8d/File_7_-_All_IoD2019_Scores__Ranks__Deciles_and_Population_Denominators_3.csv,lad_2019,properties.lad19cd,social_need,higher_is_higher_need,"Higher index values mean stronger relative deprivation within the selected geography level. The index is derived from the population-weighted average IMD rank of LSOAs in each 2019 local authority; 100 is the highest relative need in the current map, not an absolute deprivation score.",Population-weighted average IMD rank using total population mid-2015 excluding prisoners,23442.7,11.7,23499.4,25624.5,95234,58,0,0.0,1,1.7,26.1
imd2019_need,IMD 2019 population-weighted relative need index,E07000095,Broxbourne,51.7,0-100 relative index,2019,"English Indices of Deprivation 2019 File 7: ranks, deciles, scores and population denominators",https://assets.publishing.service.gov.uk/media/5dc407b440f0b6379a7acc8d/File_7_-_All_IoD2019_Scores__Ranks__Deciles_and_Population_Denominators_3.csv,lad_2019,properties.lad19cd,social_need,higher_is_higher_need,"Higher index values mean stronger relative deprivation within the selected geography level. The index is derived from the population-weighted average IMD rank of LSOAs in each 2019 local authority; 100 is the highest relative need in the current map, not an absolute deprivation score.",Population-weighted average IMD rank using total population mid-2015 excluding prisoners,17430.9,18.0,17752.0,17914.0,96311,56,0,0.0,3,5.4,51.7
imd2019_need,IMD 2019 population-weighted relative need index,E07000172,Broxtowe,35.8,0-100 relative index,2019,"English Indices of Deprivation 2019 File 7: ranks, deciles, scores and population denominators",https://assets.publishing.service.gov.uk/media/5dc407b440f0b6379a7acc8d/File_7_-_All_IoD2019_Scores__Ranks__Deciles_and_Population_Denominators_3.csv,lad_2019,properties.lad19cd,social_need,higher_is_higher_need,"Higher index values mean stronger relative deprivation within the selected geography level. The index is derived from the population-weighted average IMD rank of LSOAs in each 2019 local authority; 100 is the highest relative need in the current map, not an absolute deprivation score.",Population-weighted average IMD rank using total population mid-2015 excluding prisoners,21145.3,14.2,20958.3,21871.0,111837,71,0,0.0,4,5.6,35.8
imd2019_need,IMD 2019 population-weighted relative need index,E07000117,Burnley,89.9,0-100 relative index,2019,"English Indices of Deprivation 2019 File 7: ranks, deciles, scores and population denominators",https://assets.publishing.service.gov.uk/media/5dc407b440f0b6379a7acc8d/File_7_-_All_IoD2019_Scores__Ranks__Deciles_and_Population_Denominators_3.csv,lad_2019,properties.lad19cd,social_need,higher_is_higher_need,"Higher index values mean stronger relative deprivation within the selected geography level. The index is derived from the population-weighted average IMD rank of LSOAs in each 2019 local authority; 100 is the highest relative need in the current map, not an absolute deprivation score.",Population-weighted average IMD rank using total population mid-2015 excluding prisoners,8444.7,37.8,8735.8,5644.0,87262,60,23,38.3,31,51.7,89.9
imd2019_need,IMD 2019 population-weighted relative need index,E08000002,Bury,61.9,0-100 relative index,2019,"English Indices of Deprivation 2019 File 7: ranks, deciles, scores and population denominators",https://assets.publishing.service.gov.uk/media/5dc407b440f0b6379a7acc8d/File_7_-_All_IoD2019_Scores__Ranks__Deciles_and_Population_Denominators_3.csv,lad_2019,properties.lad19cd,social_need,higher_is_higher_need,"Higher index values mean stronger relative deprivation within the selected geography level. The index is derived from the population-weighted average IMD rank of LSOAs in each 2019 local authority; 100 is the highest relative need in the current map, not an absolute deprivation score.",Population-weighted average IMD rank using total population mid-2015 excluding prisoners,15032.6,23.7,15383.3,16119.5,187788,120,12,10.0,27,22.5,61.9
imd2019_need,IMD 2019 population-weighted relative need index,E08000033,Calderdale,69.9,0-100 relative index,2019,"English Indices of Deprivation 2019 File 7: ranks, deciles, scores and population denominators",https://assets.publishing.service.gov.uk/media/5dc407b440f0b6379a7acc8d/File_7_-_All_IoD2019_Scores__Ranks__Deciles_and_Population_Denominators_3.csv,lad_2019,properties.lad19cd,social_need,higher_is_higher_need,"Higher index values mean stronger relative deprivation within the selected geography level. The index is derived from the population-weighted average IMD rank of LSOAs in each 2019 local authority; 100 is the highest relative need in the current map, not an absolute deprivation score.",Population-weighted average IMD rank using total population mid-2015 excluding prisoners,13139.1,26.4,12981.4,12451.5,207832,128,20,15.6,39,30.5,69.9
imd2019_need,IMD 2019 population-weighted relative need index,E07000008,Cambridge,39.6,0-100 relative index,2019,"English Indices of Deprivation 2019 File 7: ranks, deciles, scores and population denominators",https://assets.publishing.service.gov.uk/media/5dc407b440f0b6379a7acc8d/File_7_-_All_IoD2019_Scores__Ranks__Deciles_and_Population_Denominators_3.csv,lad_2019,properties.lad19cd,social_need,higher_is_higher_need,"Higher index values mean stronger relative deprivation within the selected geography level. The index is derived from the population-weighted average IMD rank of LSOAs in each 2019 local authority; 100 is the highest relative need in the current map, not an absolute deprivation score.",Population-weighted average IMD rank using total population mid-2015 excluding prisoners,20262.7,14.9,19797.2,20058.0,125105,69,0,0.0,3,4.3,39.6
imd2019_need,IMD 2019 population-weighted relative need index,E09000007,Camden,57.4,0-100 relative index,2019,"English Indices of Deprivation 2019 File 7: ranks, deciles, scores and population denominators",https://assets.publishing.service.gov.uk/media/5dc407b440f0b6379a7acc8d/File_7_-_All_IoD2019_Scores__Ranks__Deciles_and_Population_Denominators_3.csv,lad_2019,properties.lad19cd,social_need,higher_is_higher_need,"Higher index values mean stronger relative deprivation within the selected geography level. The index is derived from the population-weighted average IMD rank of LSOAs in each 2019 local authority; 100 is the highest relative need in the current map, not an absolute deprivation score.",Population-weighted average IMD rank using total population mid-2015 excluding prisoners,16081.7,20.1,16247.7,15302.0,243837,133,0,0.0,22,16.5,57.4
imd2019_need,IMD 2019 population-weighted relative need index,E07000192,Cannock Chase,58.0,0-100 relative index,2019,"English Indices of Deprivation 2019 File 7: ranks, deciles, scores and population denominators",https://assets.publishing.service.gov.uk/media/5dc407b440f0b6379a7acc8d/File_7_-_All_IoD2019_Scores__Ranks__Deciles_and_Population_Denominators_3.csv,lad_2019,properties.lad19cd,social_need,higher_is_higher_need,"Higher index values mean stronger relative deprivation within the selected geography level. The index is derived from the population-weighted average IMD rank of LSOAs in each 2019 local authority; 100 is the highest relative need in the current map, not an absolute deprivation score.",Population-weighted average IMD rank using total population mid-2015 excluding prisoners,15946.2,20.4,15654.6,15241.0,98490,60,2,3.3,9,15.0,58.0
imd2019_need,IMD 2019 population-weighted relative need index,E07000106,Canterbury,44.6,0-100 relative index,2019,"English Indices of Deprivation 2019 File 7: ranks, deciles, scores and population denominators",https://assets.publishing.service.gov.uk/media/5dc407b440f0b6379a7acc8d/File_7_-_All_IoD2019_Scores__Ranks__Deciles_and_Population_Denominators_3.csv,lad_2019,properties.lad19cd,social_need,higher_is_higher_need,"Higher index values mean stronger relative deprivation within the selected geography level. The index is derived from the population-weighted average IMD rank of LSOAs in each 2019 local authority; 100 is the highest relative need in the current map, not an absolute deprivation score.",Population-weighted average IMD rank using total population mid-2015 excluding prisoners,19091.7,16.8,18476.9,19699.0,159663,90,2,2.2,13,14.4,44.6
imd2019_need,IMD 2019 population-weighted relative need index,E07000028,Carlisle,60.4,0-100 relative index,2019,"English Indices of Deprivation 2019 File 7: ranks, deciles, scores and population denominators",https://assets.publishing.service.gov.uk/media/5dc407b440f0b6379a7acc8d/File_7_-_All_IoD2019_Scores__Ranks__Deciles_and_Population_Denominators_3.csv,lad_2019,properties.lad19cd,social_need,higher_is_higher_need,"Higher index values mean stronger relative deprivation within the selected geography level. The index is derived from the population-weighted average IMD rank of LSOAs in each 2019 local authority; 100 is the highest relative need in the current map, not an absolute deprivation score.",Population-weighted average IMD rank using total population mid-2015 excluding prisoners,15382.0,22.0,15225.9,13685.5,108109,68,4,5.9,13,19.1,60.4
imd2019_need,IMD 2019 population-weighted relative need index,E07000069,Castle Point,45.2,0-100 relative index,2019,"English Indices of Deprivation 2019 File 7: ranks, deciles, scores and population denominators",https://assets.publishing.service.gov.uk/media/5dc407b440f0b6379a7acc8d/File_7_-_All_IoD2019_Scores__Ranks__Deciles_and_Population_Denominators_3.csv,lad_2019,properties.lad19cd,social_need,higher_is_higher_need,"Higher index values mean stronger relative deprivation within the selected geography level. The index is derived from the population-weighted average IMD rank of LSOAs in each 2019 local authority; 100 is the highest relative need in the current map, not an absolute deprivation score.",Population-weighted average IMD rank using total population mid-2015 excluding prisoners,18939.2,16.8,18865.1,19884.0,89184,57,1,1.8,5,8.8,45.2
imd2019_need,IMD 2019 population-weighted relative need index,E06000056,Central Bedfordshire,27.8,0-100 relative index,2019,"English Indices of Deprivation 2019 File 7: ranks, deciles, scores and population denominators",https://assets.publishing.service.gov.uk/media/5dc407b440f0b6379a7acc8d/File_7_-_All_IoD2019_Scores__Ranks__Deciles_and_Population_Denominators_3.csv,lad_2019,properties.lad19cd,social_need,higher_is_higher_need,"Higher index values mean stronger relative deprivation within the selected geography level. The index is derived from the population-weighted average IMD rank of LSOAs in each 2019 local authority; 100 is the highest relative need in the current map, not an absolute deprivation score.",Population-weighted average IMD rank using total population mid-2015 excluding prisoners,23022.0,12.2,23200.6,25254.0,272421,157,0,0.0,3,1.9,27.8
imd2019_need,IMD 2019 population-weighted relative need index,E07000130,Charnwood,31.6,0-100 relative index,2019,"English Indices of Deprivation 2019 File 7: ranks, deciles, scores and population denominators",https://assets.publishing.service.gov.uk/media/5dc407b440f0b6379a7acc8d/File_7_-_All_IoD2019_Scores__Ranks__Deciles_and_Population_Denominators_3.csv,lad_2019,properties.lad19cd,social_need,higher_is_higher_need,"Higher index values mean stronger relative deprivation within the selected geography level. The index is derived from the population-weighted average IMD rank of LSOAs in each 2019 local authority; 100 is the highest relative need in the current map, not an absolute deprivation score.",Population-weighted average IMD rank using total population mid-2015 excluding prisoners,22136.2,13.2,22146.3,23469.0,175167,99,2,2.0,4,4.0,31.6
imd2019_need,IMD 2019 population-weighted relative need index,E07000070,Chelmsford,28.6,0-100 relative index,2019,"English Indices of Deprivation 2019 File 7: ranks, deciles, scores and population denominators",https://assets.publishing.service.gov.uk/media/5dc407b440f0b6379a7acc8d/File_7_-_All_IoD2019_Scores__Ranks__Deciles_and_Population_Denominators_3.csv,lad_2019,properties.lad19cd,social_need,higher_is_higher_need,"Higher index values mean stronger relative deprivation within the selected geography level. The index is derived from the population-weighted average IMD rank of LSOAs in each 2019 local authority; 100 is the highest relative need in the current map, not an absolute deprivation score.",Population-weighted average IMD rank using total population mid-2015 excluding prisoners,22840.6,12.2,23008.5,23962.0,172440,107,0,0.0,1,0.9,28.6
imd2019_need,IMD 2019 population-weighted relative need index,E07000078,Cheltenham,32.9,0-100 relative index,2019,"English Indices of Deprivation 2019 File 7: ranks, deciles, scores and population denominators",https://assets.publishing.service.gov.uk/media/5dc407b440f0b6379a7acc8d/File_7_-_All_IoD2019_Scores__Ranks__Deciles_and_Population_Denominators_3.csv,lad_2019,properties.lad19cd,social_need,higher_is_higher_need,"Higher index values mean stronger relative deprivation within the selected geography level. The index is derived from the population-weighted average IMD rank of LSOAs in each 2019 local authority; 100 is the highest relative need in the current map, not an absolute deprivation score.",Population-weighted average IMD rank using total population mid-2015 excluding prisoners,21844.1,14.3,21866.5,25247.0,116592,75,2,2.7,8,10.7,32.9
imd2019_need,IMD 2019 population-weighted relative need index,E07000177,Cherwell,36.6,0-100 relative index,2019,"English Indices of Deprivation 2019 File 7: ranks, deciles, scores and population denominators",https://assets.publishing.service.gov.uk/media/5dc407b440f0b6379a7acc8d/File_7_-_All_IoD2019_Scores__Ranks__Deciles_and_Population_Denominators_3.csv,lad_2019,properties.lad19cd,social_need,higher_is_higher_need,"Higher index values mean stronger relative deprivation within the selected geography level. The index is derived from the population-weighted average IMD rank of LSOAs in each 2019 local authority; 100 is the highest relative need in the current map, not an absolute deprivation score.",Population-weighted average IMD rank using total population mid-2015 excluding prisoners,20965.4,14.4,20883.3,21179.0,144910,93,0,0.0,6,6.5,36.6
imd2019_need,IMD 2019 population-weighted relative need index,E06000049,Cheshire East,34.5,0-100 relative index,2019,"English Indices of Deprivation 2019 File 7: ranks, deciles, scores and population denominators",https://assets.publishing.service.gov.uk/media/5dc407b440f0b6379a7acc8d/File_7_-_All_IoD2019_Scores__Ranks__Deciles_and_Population_Denominators_3.csv,lad_2019,properties.lad19cd,social_need,higher_is_higher_need,"Higher index values mean stronger relative deprivation within the selected geography level. The index is derived from the population-weighted average IMD rank of LSOAs in each 2019 local authority; 100 is the highest relative need in the current map, not an absolute deprivation score.",Population-weighted average IMD rank using total population mid-2015 excluding prisoners,21464.3,14.5,21700.2,23617.5,375457,234,4,1.7,18,7.7,34.5
imd2019_need,IMD 2019 population-weighted relative need index,E06000050,Cheshire West and Chester,45.1,0-100 relative index,2019,"English Indices of Deprivation 2019 File 7: ranks, deciles, scores and population denominators",https://assets.publishing.service.gov.uk/media/5dc407b440f0b6379a7acc8d/File_7_-_All_IoD2019_Scores__Ranks__Deciles_and_Population_Denominators_3.csv,lad_2019,properties.lad19cd,social_need,higher_is_higher_need,"Higher index values mean stronger relative deprivation within the selected geography level. The index is derived from the population-weighted average IMD rank of LSOAs in each 2019 local authority; 100 is the highest relative need in the current map, not an absolute deprivation score.",Population-weighted average IMD rank using total population mid-2015 excluding prisoners,18982.0,18.1,18877.3,20426.0,333949,212,16,7.5,34,16.0,45.1
imd2019_need,IMD 2019 population-weighted relative need index,E07000034,Chesterfield,67.6,0-100 relative index,2019,"English Indices of Deprivation 2019 File 7: ranks, deciles, scores and population denominators",https://assets.publishing.service.gov.uk/media/5dc407b440f0b6379a7acc8d/File_7_-_All_IoD2019_Scores__Ranks__Deciles_and_Population_Denominators_3.csv,lad_2019,properties.lad19cd,social_need,higher_is_higher_need,"Higher index values mean stronger relative deprivation within the selected geography level. The index is derived from the population-weighted average IMD rank of LSOAs in each 2019 local authority; 100 is the highest relative need in the current map, not an absolute deprivation score.",Population-weighted average IMD rank using total population mid-2015 excluding prisoners,13684.3,24.9,13778.6,12235.0,104463,69,6,8.7,20,29.0,67.6
imd2019_need,IMD 2019 population-weighted relative need index,E07000225,Chichester,38.5,0-100 relative index,2019,"English Indices of Deprivation 2019 File 7: ranks, deciles, scores and population denominators",https://assets.publishing.service.gov.uk/media/5dc407b440f0b6379a7acc8d/File_7_-_All_IoD2019_Scores__Ranks__Deciles_and_Population_Denominators_3.csv,lad_2019,properties.lad19cd,social_need,higher_is_higher_need,"Higher index values mean stronger relative deprivation within the selected geography level. The index is derived from the population-weighted average IMD rank of LSOAs in each 2019 local authority; 100 is the highest relative need in the current map, not an absolute deprivation score.",Population-weighted average IMD rank using total population mid-2015 excluding prisoners,20526.0,14.1,20451.6,20239.0,117784,71,0,0.0,0,0.0,38.5
imd2019_need,IMD 2019 population-weighted relative need index,E07000005,Chiltern,7.3,0-100 relative index,2019,"English Indices of Deprivation 2019 File 7: ranks, deciles, scores and population denominators",https://assets.publishing.service.gov.uk/media/5dc407b440f0b6379a7acc8d/File_7_-_All_IoD2019_Scores__Ranks__Deciles_and_Population_Denominators_3.csv,lad_2019,properties.lad19cd,social_need,higher_is_higher_need,"Higher index values mean stronger relative deprivation within the selected geography level. The index is derived from the population-weighted average IMD rank of LSOAs in each 2019 local authority; 100 is the highest relative need in the current map, not an absolute deprivation score.",Population-weighted average IMD rank using total population mid-2015 excluding prisoners,27852.9,7.0,27875.4,30321.0,94662,57,0,0.0,0,0.0,7.3
imd2019_need,IMD 2019 population-weighted relative need index,E07000118,Chorley,43.2,0-100 relative index,2019,"English Indices of Deprivation 2019 File 7: ranks, deciles, scores and population denominators",https://assets.publishing.service.gov.uk/media/5dc407b440f0b6379a7acc8d/File_7_-_All_IoD2019_Scores__Ranks__Deciles_and_Population_Denominators_3.csv,lad_2019,properties.lad19cd,social_need,higher_is_higher_need,"Higher index values mean stronger relative deprivation within the selected geography level. The index is derived from the population-weighted average IMD rank of LSOAs in each 2019 local authority; 100 is the highest relative need in the current map, not an absolute deprivation score.",Population-weighted average IMD rank using total population mid-2015 excluding prisoners,19411.3,16.9,19538.8,22186.5,111194,66,3,4.5,8,12.1,43.2
imd2019_need,IMD 2019 population-weighted relative need index,E09000001,City of London,38.9,0-100 relative index,2019,"English Indices of Deprivation 2019 File 7: ranks, deciles, scores and population denominators",https://assets.publishing.service.gov.uk/media/5dc407b440f0b6379a7acc8d/File_7_-_All_IoD2019_Scores__Ranks__Deciles_and_Population_Denominators_3.csv,lad_2019,properties.lad19cd,social_need,higher_is_higher_need,"Higher index values mean stronger relative deprivation within the selected geography level. The index is derived from the population-weighted average IMD rank of LSOAs in each 2019 local authority; 100 is the highest relative need in the current map, not an absolute deprivation score.",Population-weighted average IMD rank using total population mid-2015 excluding prisoners,20424.5,14.7,20275.2,19240.0,6687,6,0,0.0,0,0.0,38.9
imd2019_need,IMD 2019 population-weighted relative need index,E07000071,Colchester,45.4,0-100 relative index,2019,"English Indices of Deprivation 2019 File 7: ranks, deciles, scores and population denominators",https://assets.publishing.service.gov.uk/media/5dc407b440f0b6379a7acc8d/File_7_-_All_IoD2019_Scores__Ranks__Deciles_and_Population_Denominators_3.csv,lad_2019,properties.lad19cd,social_need,higher_is_higher_need,"Higher index values mean stronger relative deprivation within the selected geography level. The index is derived from the population-weighted average IMD rank of LSOAs in each 2019 local authority; 100 is the highest relative need in the current map, not an absolute deprivation score.",Population-weighted average IMD rank using total population mid-2015 excluding prisoners,18889.0,16.8,18653.8,19072.0,184916,105,1,1.0,11,10.5,45.4
imd2019_need,IMD 2019 population-weighted relative need index,E07000029,Copeland,69.3,0-100 relative index,2019,"English Indices of Deprivation 2019 File 7: ranks, deciles, scores and population denominators",https://assets.publishing.service.gov.uk/media/5dc407b440f0b6379a7acc8d/File_7_-_All_IoD2019_Scores__Ranks__Deciles_and_Population_Denominators_3.csv,lad_2019,properties.lad19cd,social_need,higher_is_higher_need,"Higher index values mean stronger relative deprivation within the selected geography level. The index is derived from the population-weighted average IMD rank of LSOAs in each 2019 local authority; 100 is the highest relative need in the current map, not an absolute deprivation score.",Population-weighted average IMD rank using total population mid-2015 excluding prisoners,13294.2,25.0,12980.8,12070.0,69139,49,3,6.1,11,22.4,69.3
imd2019_need,IMD 2019 population-weighted relative need index,E07000150,Corby,70.7,0-100 relative index,2019,"English Indices of Deprivation 2019 File 7: ranks, deciles, scores and population denominators",https://assets.publishing.service.gov.uk/media/5dc407b440f0b6379a7acc8d/File_7_-_All_IoD2019_Scores__Ranks__Deciles_and_Population_Denominators_3.csv,lad_2019,properties.lad19cd,social_need,higher_is_higher_need,"Higher index values mean stronger relative deprivation within the selected geography level. The index is derived from the population-weighted average IMD rank of LSOAs in each 2019 local authority; 100 is the highest relative need in the current map, not an absolute deprivation score.",Population-weighted average IMD rank using total population mid-2015 excluding prisoners,12962.0,25.7,12284.1,9371.0,66887,41,4,9.8,12,29.3,70.7
imd2019_need,IMD 2019 population-weighted relative need index,E06000052,Cornwall,68.6,0-100 relative index,2019,"English Indices of Deprivation 2019 File 7: ranks, deciles, scores and population denominators",https://assets.publishing.service.gov.uk/media/5dc407b440f0b6379a7acc8d/File_7_-_All_IoD2019_Scores__Ranks__Deciles_and_Population_Denominators_3.csv,lad_2019,properties.lad19cd,social_need,higher_is_higher_need,"Higher index values mean stronger relative deprivation within the selected geography level. The index is derived from the population-weighted average IMD rank of LSOAs in each 2019 local authority; 100 is the highest relative need in the current map, not an absolute deprivation score.",Population-weighted average IMD rank using total population mid-2015 excluding prisoners,13462.6,23.1,13324.6,12605.5,550283,326,17,5.2,43,13.2,68.6
imd2019_need,IMD 2019 population-weighted relative need index,E07000079,Cotswold,25.8,0-100 relative index,2019,"English Indices of Deprivation 2019 File 7: ranks, deciles, scores and population denominators",https://assets.publishing.service.gov.uk/media/5dc407b440f0b6379a7acc8d/File_7_-_All_IoD2019_Scores__Ranks__Deciles_and_Population_Denominators_3.csv,lad_2019,properties.lad19cd,social_need,higher_is_higher_need,"Higher index values mean stronger relative deprivation within the selected geography level. The index is derived from the population-weighted average IMD rank of LSOAs in each 2019 local authority; 100 is the highest relative need in the current map, not an absolute deprivation score.",Population-weighted average IMD rank using total population mid-2015 excluding prisoners,23496.1,11.1,23618.2,23491.0,85548,51,0,0.0,0,0.0,25.8
imd2019_need,IMD 2019 population-weighted relative need index,E06000047,County Durham,72.1,0-100 relative index,2019,"English Indices of Deprivation 2019 File 7: ranks, deciles, scores and population denominators",https://assets.publishing.service.gov.uk/media/5dc407b440f0b6379a7acc8d/File_7_-_All_IoD2019_Scores__Ranks__Deciles_and_Population_Denominators_3.csv,lad_2019,properties.lad19cd,social_need,higher_is_higher_need,"Higher index values mean stronger relative deprivation within the selected geography level. The index is derived from the population-weighted average IMD rank of LSOAs in each 2019 local authority; 100 is the highest relative need in the current map, not an absolute deprivation score.",Population-weighted average IMD rank using total population mid-2015 excluding prisoners,12638.1,26.8,12317.8,10170.0,517661,324,39,12.0,108,33.3,72.1
imd2019_need,IMD 2019 population-weighted relative need index,E08000026,Coventry,68.8,0-100 relative index,2019,"English Indices of Deprivation 2019 File 7: ranks, deciles, scores and population denominators",https://assets.publishing.service.gov.uk/media/5dc407b440f0b6379a7acc8d/File_7_-_All_IoD2019_Scores__Ranks__Deciles_and_Population_Denominators_3.csv,lad_2019,properties.lad19cd,social_need,higher_is_higher_need,"Higher index values mean stronger relative deprivation within the selected geography level. The index is derived from the population-weighted average IMD rank of LSOAs in each 2019 local authority; 100 is the highest relative need in the current map, not an absolute deprivation score.",Population-weighted average IMD rank using total population mid-2015 excluding prisoners,13412.9,25.6,13739.5,13184.0,344288,195,28,14.4,50,25.6,68.8
imd2019_need,IMD 2019 population-weighted relative need index,E07000163,Craven,32.2,0-100 relative index,2019,"English Indices of Deprivation 2019 File 7: ranks, deciles, scores and population denominators",https://assets.publishing.service.gov.uk/media/5dc407b440f0b6379a7acc8d/File_7_-_All_IoD2019_Scores__Ranks__Deciles_and_Population_Denominators_3.csv,lad_2019,properties.lad19cd,social_need,higher_is_higher_need,"Higher index values mean stronger relative deprivation within the selected geography level. The index is derived from the population-weighted average IMD rank of LSOAs in each 2019 local authority; 100 is the highest relative need in the current map, not an absolute deprivation score.",Population-weighted average IMD rank using total population mid-2015 excluding prisoners,21995.5,12.8,21711.7,21042.5,55826,32,0,0.0,2,6.2,32.2
imd2019_need,IMD 2019 population-weighted relative need index,E07000226,Crawley,56.2,0-100 relative index,2019,"English Indices of Deprivation 2019 File 7: ranks, deciles, scores and population denominators",https://assets.publishing.service.gov.uk/media/5dc407b440f0b6379a7acc8d/File_7_-_All_IoD2019_Scores__Ranks__Deciles_and_Population_Denominators_3.csv,lad_2019,properties.lad19cd,social_need,higher_is_higher_need,"Higher index values mean stronger relative deprivation within the selected geography level. The index is derived from the population-weighted average IMD rank of LSOAs in each 2019 local authority; 100 is the highest relative need in the current map, not an absolute deprivation score.",Population-weighted average IMD rank using total population mid-2015 excluding prisoners,16365.3,18.9,16269.3,13897.0,110887,66,1,1.5,2,3.0,56.2
imd2019_need,IMD 2019 population-weighted relative need index,E09000008,Croydon,64.3,0-100 relative index,2019,"English Indices of Deprivation 2019 File 7: ranks, deciles, scores and population denominators",https://assets.publishing.service.gov.uk/media/5dc407b440f0b6379a7acc8d/File_7_-_All_IoD2019_Scores__Ranks__Deciles_and_Population_Denominators_3.csv,lad_2019,properties.lad19cd,social_need,higher_is_higher_need,"Higher index values mean stronger relative deprivation within the selected geography level. The index is derived from the population-weighted average IMD rank of LSOAs in each 2019 local authority; 100 is the highest relative need in the current map, not an absolute deprivation score.",Population-weighted average IMD rank using total population mid-2015 excluding prisoners,14473.8,22.5,14926.6,13892.0,380070,220,5,2.3,39,17.7,64.3
imd2019_need,IMD 2019 population-weighted relative need index,E07000096,Dacorum,32.2,0-100 relative index,2019,"English Indices of Deprivation 2019 File 7: ranks, deciles, scores and population denominators",https://assets.publishing.service.gov.uk/media/5dc407b440f0b6379a7acc8d/File_7_-_All_IoD2019_Scores__Ranks__Deciles_and_Population_Denominators_3.csv,lad_2019,properties.lad19cd,social_need,higher_is_higher_need,"Higher index values mean stronger relative deprivation within the selected geography level. The index is derived from the population-weighted average IMD rank of LSOAs in each 2019 local authority; 100 is the highest relative need in the current map, not an absolute deprivation score.",Population-weighted average IMD rank using total population mid-2015 excluding prisoners,22009.8,13.0,22246.2,22667.0,150103,94,0,0.0,3,3.2,32.2
imd2019_need,IMD 2019 population-weighted relative need index,E06000005,Darlington,63.9,0-100 relative index,2019,"English Indices of Deprivation 2019 File 7: ranks, deciles, scores and population denominators",https://assets.publishing.service.gov.uk/media/5dc407b440f0b6379a7acc8d/File_7_-_All_IoD2019_Scores__Ranks__Deciles_and_Population_Denominators_3.csv,lad_2019,properties.lad19cd,social_need,higher_is_higher_need,"Higher index values mean stronger relative deprivation within the selected geography level. The index is derived from the population-weighted average IMD rank of LSOAs in each 2019 local authority; 100 is the highest relative need in the current map, not an absolute deprivation score.",Population-weighted average IMD rank using total population mid-2015 excluding prisoners,14560.4,25.7,14055.9,12581.0,105998,65,12,18.5,21,32.3,63.9
imd2019_need,IMD 2019 population-weighted relative need index,E07000107,Dartford,53.3,0-100 relative index,2019,"English Indices of Deprivation 2019 File 7: ranks, deciles, scores and population denominators",https://assets.publishing.service.gov.uk/media/5dc407b440f0b6379a7acc8d/File_7_-_All_IoD2019_Scores__Ranks__Deciles_and_Population_Denominators_3.csv,lad_2019,properties.lad19cd,social_need,higher_is_higher_need,"Higher index values mean stronger relative deprivation within the selected geography level. The index is derived from the population-weighted average IMD rank of LSOAs in each 2019 local authority; 100 is the highest relative need in the current map, not an absolute deprivation score.",Population-weighted average IMD rank using total population mid-2015 excluding prisoners,17035.8,18.8,17163.3,16903.0,103531,58,1,1.7,7,12.1,53.3
imd2019_need,IMD 2019 population-weighted relative need index,E07000151,Daventry,31.7,0-100 relative index,2019,"English Indices of Deprivation 2019 File 7: ranks, deciles, scores and population denominators",https://assets.publishing.service.gov.uk/media/5dc407b440f0b6379a7acc8d/File_7_-_All_IoD2019_Scores__Ranks__Deciles_and_Population_Denominators_3.csv,lad_2019,properties.lad19cd,social_need,higher_is_higher_need,"Higher index values mean stronger relative deprivation within the selected geography level. The index is derived from the population-weighted average IMD rank of LSOAs in each 2019 local authority; 100 is the highest relative need in the current map, not an absolute deprivation score.",Population-weighted average IMD rank using total population mid-2015 excluding prisoners,22107.7,13.2,21956.9,22854.0,78541,44,1,2.3,1,2.3,31.7
imd2019_need,IMD 2019 population-weighted relative need index,E06000015,Derby,66.7,0-100 relative index,2019,"English Indices of Deprivation 2019 File 7: ranks, deciles, scores and population denominators",https://assets.publishing.service.gov.uk/media/5dc407b440f0b6379a7acc8d/File_7_-_All_IoD2019_Scores__Ranks__Deciles_and_Population_Denominators_3.csv,lad_2019,properties.lad19cd,social_need,higher_is_higher_need,"Higher index values mean stronger relative deprivation within the selected geography level. The index is derived from the population-weighted average IMD rank of LSOAs in each 2019 local authority; 100 is the highest relative need in the current map, not an absolute deprivation score.",Population-weighted average IMD rank using total population mid-2015 excluding prisoners,13891.2,26.3,14529.2,12807.0,253875,151,24,15.9,51,33.8,66.7
imd2019_need,IMD 2019 population-weighted relative need index,E07000035,Derbyshire Dales,27.8,0-100 relative index,2019,"English Indices of Deprivation 2019 File 7: ranks, deciles, scores and population denominators",https://assets.publishing.service.gov.uk/media/5dc407b440f0b6379a7acc8d/File_7_-_All_IoD2019_Scores__Ranks__Deciles_and_Population_Denominators_3.csv,lad_2019,properties.lad19cd,social_need,higher_is_higher_need,"Higher index values mean stronger relative deprivation within the selected geography level. The index is derived from the population-weighted average IMD rank of LSOAs in each 2019 local authority; 100 is the highest relative need in the current map, not an absolute deprivation score.",Population-weighted average IMD rank using total population mid-2015 excluding prisoners,23033.5,11.9,23092.8,24271.0,70873,43,1,2.3,1,2.3,27.8
imd2019_need,IMD 2019 population-weighted relative need index,E08000017,Doncaster,78.1,0-100 relative index,2019,"English Indices of Deprivation 2019 File 7: ranks, deciles, scores and population denominators",https://assets.publishing.service.gov.uk/media/5dc407b440f0b6379a7acc8d/File_7_-_All_IoD2019_Scores__Ranks__Deciles_and_Population_Denominators_3.csv,lad_2019,properties.lad19cd,social_need,higher_is_higher_need,"Higher index values mean stronger relative deprivation within the selected geography level. The index is derived from the population-weighted average IMD rank of LSOAs in each 2019 local authority; 100 is the highest relative need in the current map, not an absolute deprivation score.",Population-weighted average IMD rank using total population mid-2015 excluding prisoners,11231.7,30.3,11275.1,8904.0,302902,194,46,23.7,78,40.2,78.1
imd2019_need,IMD 2019 population-weighted relative need index,E06000059,Dorset,42.3,0-100 relative index,2019,"English Indices of Deprivation 2019 File 7: ranks, deciles, scores and population denominators",https://assets.publishing.service.gov.uk/media/5dc407b440f0b6379a7acc8d/File_7_-_All_IoD2019_Scores__Ranks__Deciles_and_Population_Denominators_3.csv,lad_2019,properties.lad19cd,social_need,higher_is_higher_need,"Higher index values mean stronger relative deprivation within the selected geography level. The index is derived from the population-weighted average IMD rank of LSOAs in each 2019 local authority; 100 is the highest relative need in the current map, not an absolute deprivation score.",Population-weighted average IMD rank using total population mid-2015 excluding prisoners,19617.8,15.7,19776.0,19267.0,370741,219,6,2.7,11,5.0,42.3
imd2019_need,IMD 2019 population-weighted relative need index,E07000108,Dover,62.3,0-100 relative index,2019,"English Indices of Deprivation 2019 File 7: ranks, deciles, scores and population denominators",https://assets.publishing.service.gov.uk/media/5dc407b440f0b6379a7acc8d/File_7_-_All_IoD2019_Scores__Ranks__Deciles_and_Population_Denominators_3.csv,lad_2019,properties.lad19cd,social_need,higher_is_higher_need,"Higher index values mean stronger relative deprivation within the selected geography level. The index is derived from the population-weighted average IMD rank of LSOAs in each 2019 local authority; 100 is the highest relative need in the current map, not an absolute deprivation score.",Population-weighted average IMD rank using total population mid-2015 excluding prisoners,14929.7,22.2,14972.3,14833.0,113446,67,5,7.5,12,17.9,62.3
imd2019_need,IMD 2019 population-weighted relative need index,E08000027,Dudley,63.5,0-100 relative index,2019,"English Indices of Deprivation 2019 File 7: ranks, deciles, scores and population denominators",https://assets.publishing.service.gov.uk/media/5dc407b440f0b6379a7acc8d/File_7_-_All_IoD2019_Scores__Ranks__Deciles_and_Population_Denominators_3.csv,lad_2019,properties.lad19cd,social_need,higher_is_higher_need,"Higher index values mean stronger relative deprivation within the selected geography level. The index is derived from the population-weighted average IMD rank of LSOAs in each 2019 local authority; 100 is the highest relative need in the current map, not an absolute deprivation score.",Population-weighted average IMD rank using total population mid-2015 excluding prisoners,14651.1,24.1,15148.9,13347.0,316331,201,22,10.9,52,25.9,63.5
imd2019_need,IMD 2019 population-weighted relative need index,E09000009,Ealing,66.9,0-100 relative index,2019,"English Indices of Deprivation 2019 File 7: ranks, deciles, scores and population denominators",https://assets.publishing.service.gov.uk/media/5dc407b440f0b6379a7acc8d/File_7_-_All_IoD2019_Scores__Ranks__Deciles_and_Population_Denominators_3.csv,lad_2019,properties.lad19cd,social_need,higher_is_higher_need,"Higher index values mean stronger relative deprivation within the selected geography level. The index is derived from the population-weighted average IMD rank of LSOAs in each 2019 local authority; 100 is the highest relative need in the current map, not an absolute deprivation score.",Population-weighted average IMD rank using total population mid-2015 excluding prisoners,13853.3,22.7,14031.2,13161.0,344285,196,4,2.0,33,16.8,66.9
imd2019_need,IMD 2019 population-weighted relative need index,E07000009,East Cambridgeshire,27.4,0-100 relative index,2019,"English Indices of Deprivation 2019 File 7: ranks, deciles, scores and population denominators",https://assets.publishing.service.gov.uk/media/5dc407b440f0b6379a7acc8d/File_7_-_All_IoD2019_Scores__Ranks__Deciles_and_Population_Denominators_3.csv,lad_2019,properties.lad19cd,social_need,higher_is_higher_need,"Higher index values mean stronger relative deprivation within the selected geography level. The index is derived from the population-weighted average IMD rank of LSOAs in each 2019 local authority; 100 is the highest relative need in the current map, not an absolute deprivation score.",Population-weighted average IMD rank using total population mid-2015 excluding prisoners,23135.0,11.5,23106.1,22876.0,87783,50,0,0.0,0,0.0,27.4
imd2019_need,IMD 2019 population-weighted relative need index,E07000040,East Devon,32.4,0-100 relative index,2019,"English Indices of Deprivation 2019 File 7: ranks, deciles, scores and population denominators",https://assets.publishing.service.gov.uk/media/5dc407b440f0b6379a7acc8d/File_7_-_All_IoD2019_Scores__Ranks__Deciles_and_Population_Denominators_3.csv,lad_2019,properties.lad19cd,social_need,higher_is_higher_need,"Higher index values mean stronger relative deprivation within the selected geography level. The index is derived from the population-weighted average IMD rank of LSOAs in each 2019 local authority; 100 is the highest relative need in the current map, not an absolute deprivation score.",Population-weighted average IMD rank using total population mid-2015 excluding prisoners,21951.7,12.8,22003.2,22304.0,138380,81,0,0.0,0,0.0,32.4
imd2019_need,IMD 2019 population-weighted relative need index,E07000085,East Hampshire,21.1,0-100 relative index,2019,"English Indices of Deprivation 2019 File 7: ranks, deciles, scores and population denominators",https://assets.publishing.service.gov.uk/media/5dc407b440f0b6379a7acc8d/File_7_-_All_IoD2019_Scores__Ranks__Deciles_and_Population_Denominators_3.csv,lad_2019,properties.lad19cd,social_need,higher_is_higher_need,"Higher index values mean stronger relative deprivation within the selected geography level. The index is derived from the population-weighted average IMD rank of LSOAs in each 2019 local authority; 100 is the highest relative need in the current map, not an absolute deprivation score.",Population-weighted average IMD rank using total population mid-2015 excluding prisoners,24608.4,10.3,24518.2,26017.5,118694,72,0,0.0,0,0.0,21.1
imd2019_need,IMD 2019 population-weighted relative need index,E07000242,East Hertfordshire,12.0,0-100 relative index,2019,"English Indices of Deprivation 2019 File 7: ranks, deciles, scores and population denominators",https://assets.publishing.service.gov.uk/media/5dc407b440f0b6379a7acc8d/File_7_-_All_IoD2019_Scores__Ranks__Deciles_and_Population_Denominators_3.csv,lad_2019,properties.lad19cd,social_need,higher_is_higher_need,"Higher index values mean stronger relative deprivation within the selected geography level. The index is derived from the population-weighted average IMD rank of LSOAs in each 2019 local authority; 100 is the highest relative need in the current map, not an absolute deprivation score.",Population-weighted average IMD rank using total population mid-2015 excluding prisoners,26753.5,8.2,26583.5,27822.0,144488,84,0,0.0,0,0.0,12.0
imd2019_need,IMD 2019 population-weighted relative need index,E07000137,East Lindsey,80.5,0-100 relative index,2019,"English Indices of Deprivation 2019 File 7: ranks, deciles, scores and population denominators",https://assets.publishing.service.gov.uk/media/5dc407b440f0b6379a7acc8d/File_7_-_All_IoD2019_Scores__Ranks__Deciles_and_Population_Denominators_3.csv,lad_2019,properties.lad19cd,social_need,higher_is_higher_need,"Higher index values mean stronger relative deprivation within the selected geography level. The index is derived from the population-weighted average IMD rank of LSOAs in each 2019 local authority; 100 is the highest relative need in the current map, not an absolute deprivation score.",Population-weighted average IMD rank using total population mid-2015 excluding prisoners,10666.0,29.9,10879.9,9610.0,138068,81,13,16.0,29,35.8,80.5
imd2019_need,IMD 2019 population-weighted relative need index,E07000152,East Northamptonshire,35.0,0-100 relative index,2019,"English Indices of Deprivation 2019 File 7: ranks, deciles, scores and population denominators",https://assets.publishing.service.gov.uk/media/5dc407b440f0b6379a7acc8d/File_7_-_All_IoD2019_Scores__Ranks__Deciles_and_Population_Denominators_3.csv,lad_2019,properties.lad19cd,social_need,higher_is_higher_need,"Higher index values mean stronger relative deprivation within the selected geography level. The index is derived from the population-weighted average IMD rank of LSOAs in each 2019 local authority; 100 is the highest relative need in the current map, not an absolute deprivation score.",Population-weighted average IMD rank using total population mid-2015 excluding prisoners,21330.9,13.9,21069.7,22671.0,90074,49,0,0.0,2,4.1,35.0
imd2019_need,IMD 2019 population-weighted relative need index,E06000011,East Riding of Yorkshire,37.5,0-100 relative index,2019,"English Indices of Deprivation 2019 File 7: ranks, deciles, scores and population denominators",https://assets.publishing.service.gov.uk/media/5dc407b440f0b6379a7acc8d/File_7_-_All_IoD2019_Scores__Ranks__Deciles_and_Population_Denominators_3.csv,lad_2019,properties.lad19cd,social_need,higher_is_higher_need,"Higher index values mean stronger relative deprivation within the selected geography level. The index is derived from the population-weighted average IMD rank of LSOAs in each 2019 local authority; 100 is the highest relative need in the current map, not an absolute deprivation score.",Population-weighted average IMD rank using total population mid-2015 excluding prisoners,20749.9,15.6,20628.6,21665.5,335704,210,13,6.2,17,8.1,37.5
imd2019_need,IMD 2019 population-weighted relative need index,E07000193,East Staffordshire,51.1,0-100 relative index,2019,"English Indices of Deprivation 2019 File 7: ranks, deciles, scores and population denominators",https://assets.publishing.service.gov.uk/media/5dc407b440f0b6379a7acc8d/File_7_-_All_IoD2019_Scores__Ranks__Deciles_and_Population_Denominators_3.csv,lad_2019,properties.lad19cd,social_need,higher_is_higher_need,"Higher index values mean stronger relative deprivation within the selected geography level. The index is derived from the population-weighted average IMD rank of LSOAs in each 2019 local authority; 100 is the highest relative need in the current map, not an absolute deprivation score.",Population-weighted average IMD rank using total population mid-2015 excluding prisoners,17556.7,19.0,17986.7,18804.0,115284,72,3,4.2,13,18.1,51.1
imd2019_need,IMD 2019 population-weighted relative need index,E07000244,East Suffolk,51.1,0-100 relative index,2019,"English Indices of Deprivation 2019 File 7: ranks, deciles, scores and population denominators",https://assets.publishing.service.gov.uk/media/5dc407b440f0b6379a7acc8d/File_7_-_All_IoD2019_Scores__Ranks__Deciles_and_Population_Denominators_3.csv,lad_2019,properties.lad19cd,social_need,higher_is_higher_need,"Higher index values mean stronger relative deprivation within the selected geography level. The index is derived from the population-weighted average IMD rank of LSOAs in each 2019 local authority; 100 is the highest relative need in the current map, not an absolute deprivation score.",Population-weighted average IMD rank using total population mid-2015 excluding prisoners,17570.4,19.6,17196.9,16318.5,242733,146,10,6.8,20,13.7,51.1
imd2019_need,IMD 2019 population-weighted relative need index,E07000061,Eastbourne,62.6,0-100 relative index,2019,"English Indices of Deprivation 2019 File 7: ranks, deciles, scores and population denominators",https://assets.publishing.service.gov.uk/media/5dc407b440f0b6379a7acc8d/File_7_-_All_IoD2019_Scores__Ranks__Deciles_and_Population_Denominators_3.csv,lad_2019,properties.lad19cd,social_need,higher_is_higher_need,"Higher index values mean stronger relative deprivation within the selected geography level. The index is derived from the population-weighted average IMD rank of LSOAs in each 2019 local authority; 100 is the highest relative need in the current map, not an absolute deprivation score.",Population-weighted average IMD rank using total population mid-2015 excluding prisoners,14856.5,22.1,15040.7,13274.0,102204,61,4,6.6,12,19.7,62.6
imd2019_need,IMD 2019 population-weighted relative need index,E07000086,Eastleigh,20.2,0-100 relative index,2019,"English Indices of Deprivation 2019 File 7: ranks, deciles, scores and population denominators",https://assets.publishing.service.gov.uk/media/5dc407b440f0b6379a7acc8d/File_7_-_All_IoD2019_Scores__Ranks__Deciles_and_Population_Denominators_3.csv,lad_2019,properties.lad19cd,social_need,higher_is_higher_need,"Higher index values mean stronger relative deprivation within the selected geography level. The index is derived from the population-weighted average IMD rank of LSOAs in each 2019 local authority; 100 is the highest relative need in the current map, not an absolute deprivation score.",Population-weighted average IMD rank using total population mid-2015 excluding prisoners,24822.4,10.2,24970.1,26616.0,128977,77,0,0.0,1,1.3,20.2
imd2019_need,IMD 2019 population-weighted relative need index,E07000030,Eden,48.6,0-100 relative index,2019,"English Indices of Deprivation 2019 File 7: ranks, deciles, scores and population denominators",https://assets.publishing.service.gov.uk/media/5dc407b440f0b6379a7acc8d/File_7_-_All_IoD2019_Scores__Ranks__Deciles_and_Population_Denominators_3.csv,lad_2019,properties.lad19cd,social_need,higher_is_higher_need,"Higher index values mean stronger relative deprivation within the selected geography level. The index is derived from the population-weighted average IMD rank of LSOAs in each 2019 local authority; 100 is the highest relative need in the current map, not an absolute deprivation score.",Population-weighted average IMD rank using total population mid-2015 excluding prisoners,18156.9,16.3,18237.3,17195.5,52576,36,0,0.0,0,0.0,48.6
imd2019_need,IMD 2019 population-weighted relative need index,E07000207,Elmbridge,10.0,0-100 relative index,2019,"English Indices of Deprivation 2019 File 7: ranks, deciles, scores and population denominators",https://assets.publishing.service.gov.uk/media/5dc407b440f0b6379a7acc8d/File_7_-_All_IoD2019_Scores__Ranks__Deciles_and_Population_Denominators_3.csv,lad_2019,properties.lad19cd,social_need,higher_is_higher_need,"Higher index values mean stronger relative deprivation within the selected geography level. The index is derived from the population-weighted average IMD rank of LSOAs in each 2019 local authority; 100 is the highest relative need in the current map, not an absolute deprivation score.",Population-weighted average IMD rank using total population mid-2015 excluding prisoners,27210.1,7.9,27159.1,29646.0,135398,81,0,0.0,0,0.0,10.0
imd2019_need,IMD 2019 population-weighted relative need index,E09000010,Enfield,73.0,0-100 relative index,2019,"English Indices of Deprivation 2019 File 7: ranks, deciles, scores and population denominators",https://assets.publishing.service.gov.uk/media/5dc407b440f0b6379a7acc8d/File_7_-_All_IoD2019_Scores__Ranks__Deciles_and_Population_Denominators_3.csv,lad_2019,properties.lad19cd,social_need,higher_is_higher_need,"Higher index values mean stronger relative deprivation within the selected geography level. The index is derived from the population-weighted average IMD rank of LSOAs in each 2019 local authority; 100 is the highest relative need in the current map, not an absolute deprivation score.",Population-weighted average IMD rank using total population mid-2015 excluding prisoners,12426.4,25.8,12698.5,9993.0,328738,183,10,5.5,55,30.1,73.0
imd2019_need,IMD 2019 population-weighted relative need index,E07000072,Epping Forest,41.1,0-100 relative index,2019,"English Indices of Deprivation 2019 File 7: ranks, deciles, scores and population denominators",https://assets.publishing.service.gov.uk/media/5dc407b440f0b6379a7acc8d/File_7_-_All_IoD2019_Scores__Ranks__Deciles_and_Population_Denominators_3.csv,lad_2019,properties.lad19cd,social_need,higher_is_higher_need,"Higher index values mean stronger relative deprivation within the selected geography level. The index is derived from the population-weighted average IMD rank of LSOAs in each 2019 local authority; 100 is the highest relative need in the current map, not an absolute deprivation score.",Population-weighted average IMD rank using total population mid-2015 excluding prisoners,19914.7,15.1,20239.7,20832.0,129274,78,0,0.0,1,1.3,41.1
imd2019_need,IMD 2019 population-weighted relative need index,E07000208,Epsom and Ewell,13.8,0-100 relative index,2019,"English Indices of Deprivation 2019 File 7: ranks, deciles, scores and population denominators",https://assets.publishing.service.gov.uk/media/5dc407b440f0b6379a7acc8d/File_7_-_All_IoD2019_Scores__Ranks__Deciles_and_Population_Denominators_3.csv,lad_2019,properties.lad19cd,social_need,higher_is_higher_need,"Higher index values mean stronger relative deprivation within the selected geography level. The index is derived from the population-weighted average IMD rank of LSOAs in each 2019 local authority; 100 is the highest relative need in the current map, not an absolute deprivation score.",Population-weighted average IMD rank using total population mid-2015 excluding prisoners,26312.9,8.8,26723.6,29613.5,78459,44,0,0.0,0,0.0,13.8
imd2019_need,IMD 2019 population-weighted relative need index,E07000036,Erewash,48.6,0-100 relative index,2019,"English Indices of Deprivation 2019 File 7: ranks, deciles, scores and population denominators",https://assets.publishing.service.gov.uk/media/5dc407b440f0b6379a7acc8d/File_7_-_All_IoD2019_Scores__Ranks__Deciles_and_Population_Denominators_3.csv,lad_2019,properties.lad19cd,social_need,higher_is_higher_need,"Higher index values mean stronger relative deprivation within the selected geography level. The index is derived from the population-weighted average IMD rank of LSOAs in each 2019 local authority; 100 is the highest relative need in the current map, not an absolute deprivation score.",Population-weighted average IMD rank using total population mid-2015 excluding prisoners,18151.4,18.8,18127.0,19362.0,114684,73,4,5.5,11,15.1,48.6
imd2019_need,IMD 2019 population-weighted relative need index,E07000041,Exeter,43.1,0-100 relative index,2019,"English Indices of Deprivation 2019 File 7: ranks, deciles, scores and population denominators",https://assets.publishing.service.gov.uk/media/5dc407b440f0b6379a7acc8d/File_7_-_All_IoD2019_Scores__Ranks__Deciles_and_Population_Denominators_3.csv,lad_2019,properties.lad19cd,social_need,higher_is_higher_need,"Higher index values mean stronger relative deprivation within the selected geography level. The index is derived from the population-weighted average IMD rank of LSOAs in each 2019 local authority; 100 is the highest relative need in the current map, not an absolute deprivation score.",Population-weighted average IMD rank using total population mid-2015 excluding prisoners,19439.0,16.2,19288.9,20147.0,125534,74,0,0.0,6,8.1,43.1
imd2019_need,IMD 2019 population-weighted relative need index,E07000087,Fareham,14.9,0-100 relative index,2019,"English Indices of Deprivation 2019 File 7: ranks, deciles, scores and population denominators",https://assets.publishing.service.gov.uk/media/5dc407b440f0b6379a7acc8d/File_7_-_All_IoD2019_Scores__Ranks__Deciles_and_Population_Denominators_3.csv,lad_2019,properties.lad19cd,social_need,higher_is_higher_need,"Higher index values mean stronger relative deprivation within the selected geography level. The index is derived from the population-weighted average IMD rank of LSOAs in each 2019 local authority; 100 is the highest relative need in the current map, not an absolute deprivation score.",Population-weighted average IMD rank using total population mid-2015 excluding prisoners,26067.2,9.0,25983.1,28052.0,115182,73,0,0.0,0,0.0,14.9
imd2019_need,IMD 2019 population-weighted relative need index,E07000010,Fenland,75.0,0-100 relative index,2019,"English Indices of Deprivation 2019 File 7: ranks, deciles, scores and population denominators",https://assets.publishing.service.gov.uk/media/5dc407b440f0b6379a7acc8d/File_7_-_All_IoD2019_Scores__Ranks__Deciles_and_Population_Denominators_3.csv,lad_2019,properties.lad19cd,social_need,higher_is_higher_need,"Higher index values mean stronger relative deprivation within the selected geography level. The index is derived from the population-weighted average IMD rank of LSOAs in each 2019 local authority; 100 is the highest relative need in the current map, not an absolute deprivation score.",Population-weighted average IMD rank using total population mid-2015 excluding prisoners,11951.1,25.4,11877.1,10908.0,98366,55,4,7.3,11,20.0,75.0
imd2019_need,IMD 2019 population-weighted relative need index,E07000112,Folkestone and Hythe,68.4,0-100 relative index,2019,"English Indices of Deprivation 2019 File 7: ranks, deciles, scores and population denominators",https://assets.publishing.service.gov.uk/media/5dc407b440f0b6379a7acc8d/File_7_-_All_IoD2019_Scores__Ranks__Deciles_and_Population_Denominators_3.csv,lad_2019,properties.lad19cd,social_need,higher_is_higher_need,"Higher index values mean stronger relative deprivation within the selected geography level. The index is derived from the population-weighted average IMD rank of LSOAs in each 2019 local authority; 100 is the highest relative need in the current map, not an absolute deprivation score.",Population-weighted average IMD rank using total population mid-2015 excluding prisoners,13507.5,24.1,13539.1,13611.0,109838,67,4,6.0,15,22.4,68.4
imd2019_need,IMD 2019 population-weighted relative need index,E07000080,Forest of Dean,54.0,0-100 relative index,2019,"English Indices of Deprivation 2019 File 7: ranks, deciles, scores and population denominators",https://assets.publishing.service.gov.uk/media/5dc407b440f0b6379a7acc8d/File_7_-_All_IoD2019_Scores__Ranks__Deciles_and_Population_Denominators_3.csv,lad_2019,properties.lad19cd,social_need,higher_is_higher_need,"Higher index values mean stronger relative deprivation within the selected geography level. The index is derived from the population-weighted average IMD rank of LSOAs in each 2019 local authority; 100 is the highest relative need in the current map, not an absolute deprivation score.",Population-weighted average IMD rank using total population mid-2015 excluding prisoners,16875.1,18.0,16772.9,17478.0,84576,50,1,2.0,1,2.0,54.0
imd2019_need,IMD 2019 population-weighted relative need index,E07000119,Fylde,41.7,0-100 relative index,2019,"English Indices of Deprivation 2019 File 7: ranks, deciles, scores and population denominators",https://assets.publishing.service.gov.uk/media/5dc407b440f0b6379a7acc8d/File_7_-_All_IoD2019_Scores__Ranks__Deciles_and_Population_Denominators_3.csv,lad_2019,properties.lad19cd,social_need,higher_is_higher_need,"Higher index values mean stronger relative deprivation within the selected geography level. The index is derived from the population-weighted average IMD rank of LSOAs in each 2019 local authority; 100 is the highest relative need in the current map, not an absolute deprivation score.",Population-weighted average IMD rank using total population mid-2015 excluding prisoners,19765.5,15.9,19611.0,20378.0,76910,51,2,3.9,4,7.8,41.7
imd2019_need,IMD 2019 population-weighted relative need index,E08000037,Gateshead,74.7,0-100 relative index,2019,"English Indices of Deprivation 2019 File 7: ranks, deciles, scores and population denominators",https://assets.publishing.service.gov.uk/media/5dc407b440f0b6379a7acc8d/File_7_-_All_IoD2019_Scores__Ranks__Deciles_and_Population_Denominators_3.csv,lad_2019,properties.lad19cd,social_need,higher_is_higher_need,"Higher index values mean stronger relative deprivation within the selected geography level. The index is derived from the population-weighted average IMD rank of LSOAs in each 2019 local authority; 100 is the highest relative need in the current map, not an absolute deprivation score.",Population-weighted average IMD rank using total population mid-2015 excluding prisoners,12013.8,28.2,12238.2,9529.0,201724,126,21,16.7,40,31.7,74.7
imd2019_need,IMD 2019 population-weighted relative need index,E07000173,Gedling,39.0,0-100 relative index,2019,"English Indices of Deprivation 2019 File 7: ranks, deciles, scores and population denominators",https://assets.publishing.service.gov.uk/media/5dc407b440f0b6379a7acc8d/File_7_-_All_IoD2019_Scores__Ranks__Deciles_and_Population_Denominators_3.csv,lad_2019,properties.lad19cd,social_need,higher_is_higher_need,"Higher index values mean stronger relative deprivation within the selected geography level. The index is derived from the population-weighted average IMD rank of LSOAs in each 2019 local authority; 100 is the highest relative need in the current map, not an absolute deprivation score.",Population-weighted average IMD rank using total population mid-2015 excluding prisoners,20406.2,14.9,20429.4,21601.0,116142,77,1,1.3,2,2.6,39.0
imd2019_need,IMD 2019 population-weighted relative need index,E07000081,Gloucester,55.5,0-100 relative index,2019,"English Indices of Deprivation 2019 File 7: ranks, deciles, scores and population denominators",https://assets.publishing.service.gov.uk/media/5dc407b440f0b6379a7acc8d/File_7_-_All_IoD2019_Scores__Ranks__Deciles_and_Population_Denominators_3.csv,lad_2019,properties.lad19cd,social_need,higher_is_higher_need,"Higher index values mean stronger relative deprivation within the selected geography level. The index is derived from the population-weighted average IMD rank of LSOAs in each 2019 local authority; 100 is the highest relative need in the current map, not an absolute deprivation score.",Population-weighted average IMD rank using total population mid-2015 excluding prisoners,16537.9,21.8,16389.5,17365.5,127169,78,9,11.5,21,26.9,55.5
imd2019_need,IMD 2019 population-weighted relative need index,E07000088,Gosport,57.5,0-100 relative index,2019,"English Indices of Deprivation 2019 File 7: ranks, deciles, scores and population denominators",https://assets.publishing.service.gov.uk/media/5dc407b440f0b6379a7acc8d/File_7_-_All_IoD2019_Scores__Ranks__Deciles_and_Population_Denominators_3.csv,lad_2019,properties.lad19cd,social_need,higher_is_higher_need,"Higher index values mean stronger relative deprivation within the selected geography level. The index is derived from the population-weighted average IMD rank of LSOAs in each 2019 local authority; 100 is the highest relative need in the current map, not an absolute deprivation score.",Population-weighted average IMD rank using total population mid-2015 excluding prisoners,16050.1,20.5,16463.1,15653.0,84757,53,1,1.9,8,15.1,57.5
imd2019_need,IMD 2019 population-weighted relative need index,E07000109,Gravesham,59.7,0-100 relative index,2019,"English Indices of Deprivation 2019 File 7: ranks, deciles, scores and population denominators",https://assets.publishing.service.gov.uk/media/5dc407b440f0b6379a7acc8d/File_7_-_All_IoD2019_Scores__Ranks__Deciles_and_Population_Denominators_3.csv,lad_2019,properties.lad19cd,social_need,higher_is_higher_need,"Higher index values mean stronger relative deprivation within the selected geography level. The index is derived from the population-weighted average IMD rank of LSOAs in each 2019 local authority; 100 is the highest relative need in the current map, not an absolute deprivation score.",Population-weighted average IMD rank using total population mid-2015 excluding prisoners,15551.2,21.4,16007.4,16547.0,105715,64,2,3.1,12,18.8,59.7
imd2019_need,IMD 2019 population-weighted relative need index,E07000145,Great Yarmouth,83.0,0-100 relative index,2019,"English Indices of Deprivation 2019 File 7: ranks, deciles, scores and population denominators",https://assets.publishing.service.gov.uk/media/5dc407b440f0b6379a7acc8d/File_7_-_All_IoD2019_Scores__Ranks__Deciles_and_Population_Denominators_3.csv,lad_2019,properties.lad19cd,social_need,higher_is_higher_need,"Higher index values mean stronger relative deprivation within the selected geography level. The index is derived from the population-weighted average IMD rank of LSOAs in each 2019 local authority; 100 is the highest relative need in the current map, not an absolute deprivation score.",Population-weighted average IMD rank using total population mid-2015 excluding prisoners,10077.9,33.1,10160.4,9333.0,98615,61,15,24.6,23,37.7,83.0
imd2019_need,IMD 2019 population-weighted relative need index,E09000011,Greenwich,72.8,0-100 relative index,2019,"English Indices of Deprivation 2019 File 7: ranks, deciles, scores and population denominators",https://assets.publishing.service.gov.uk/media/5dc407b440f0b6379a7acc8d/File_7_-_All_IoD2019_Scores__Ranks__Deciles_and_Population_Denominators_3.csv,lad_2019,properties.lad19cd,social_need,higher_is_higher_need,"Higher index values mean stronger relative deprivation within the selected geography level. The index is derived from the population-weighted average IMD rank of LSOAs in each 2019 local authority; 100 is the highest relative need in the current map, not an absolute deprivation score.",Population-weighted average IMD rank using total population mid-2015 excluding prisoners,12461.2,24.5,12654.5,11892.0,273238,151,1,0.7,33,21.9,72.8
imd2019_need,IMD 2019 population-weighted relative need index,E07000209,Guildford,16.7,0-100 relative index,2019,"English Indices of Deprivation 2019 File 7: ranks, deciles, scores and population denominators",https://assets.publishing.service.gov.uk/media/5dc407b440f0b6379a7acc8d/File_7_-_All_IoD2019_Scores__Ranks__Deciles_and_Population_Denominators_3.csv,lad_2019,properties.lad19cd,social_need,higher_is_higher_need,"Higher index values mean stronger relative deprivation within the selected geography level. The index is derived from the population-weighted average IMD rank of LSOAs in each 2019 local authority; 100 is the highest relative need in the current map, not an absolute deprivation score.",Population-weighted average IMD rank using total population mid-2015 excluding prisoners,25647.6,9.4,25310.4,27146.0,144796,84,0,0.0,2,2.4,16.7
imd2019_need,IMD 2019 population-weighted relative need index,E09000012,Hackney,93.8,0-100 relative index,2019,"English Indices of Deprivation 2019 File 7: ranks, deciles, scores and population denominators",https://assets.publishing.service.gov.uk/media/5dc407b440f0b6379a7acc8d/File_7_-_All_IoD2019_Scores__Ranks__Deciles_and_Population_Denominators_3.csv,lad_2019,properties.lad19cd,social_need,higher_is_higher_need,"Higher index values mean stronger relative deprivation within the selected geography level. The index is derived from the population-weighted average IMD rank of LSOAs in each 2019 local authority; 100 is the highest relative need in the current map, not an absolute deprivation score.",Population-weighted average IMD rank using total population mid-2015 excluding prisoners,7532.4,32.5,7420.6,7034.0,268626,144,16,11.1,63,43.8,93.8
imd2019_need,IMD 2019 population-weighted relative need index,E06000006,Halton,78.6,0-100 relative index,2019,"English Indices of Deprivation 2019 File 7: ranks, deciles, scores and population denominators",https://assets.publishing.service.gov.uk/media/5dc407b440f0b6379a7acc8d/File_7_-_All_IoD2019_Scores__Ranks__Deciles_and_Population_Denominators_3.csv,lad_2019,properties.lad19cd,social_need,higher_is_higher_need,"Higher index values mean stronger relative deprivation within the selected geography level. The index is derived from the population-weighted average IMD rank of LSOAs in each 2019 local authority; 100 is the highest relative need in the current map, not an absolute deprivation score.",Population-weighted average IMD rank using total population mid-2015 excluding prisoners,11098.8,32.3,10692.8,7063.0,126719,79,25,31.6,39,49.4,78.6
imd2019_need,IMD 2019 population-weighted relative need index,E07000164,Hambleton,29.0,0-100 relative index,2019,"English Indices of Deprivation 2019 File 7: ranks, deciles, scores and population denominators",https://assets.publishing.service.gov.uk/media/5dc407b440f0b6379a7acc8d/File_7_-_All_IoD2019_Scores__Ranks__Deciles_and_Population_Denominators_3.csv,lad_2019,properties.lad19cd,social_need,higher_is_higher_need,"Higher index values mean stronger relative deprivation within the selected geography level. The index is derived from the population-weighted average IMD rank of LSOAs in each 2019 local authority; 100 is the highest relative need in the current map, not an absolute deprivation score.",Population-weighted average IMD rank using total population mid-2015 excluding prisoners,22742.5,12.0,22844.7,22926.5,90074,52,0,0.0,0,0.0,29.0
imd2019_need,IMD 2019 population-weighted relative need index,E09000013,Hammersmith and Fulham,65.4,0-100 relative index,2019,"English Indices of Deprivation 2019 File 7: ranks, deciles, scores and population denominators",https://assets.publishing.service.gov.uk/media/5dc407b440f0b6379a7acc8d/File_7_-_All_IoD2019_Scores__Ranks__Deciles_and_Population_Denominators_3.csv,lad_2019,properties.lad19cd,social_need,higher_is_higher_need,"Higher index values mean stronger relative deprivation within the selected geography level. The index is derived from the population-weighted average IMD rank of LSOAs in each 2019 local authority; 100 is the highest relative need in the current map, not an absolute deprivation score.",Population-weighted average IMD rank using total population mid-2015 excluding prisoners,14201.6,22.3,14202.6,13706.0,181744,113,1,0.9,20,17.7,65.4
imd2019_need,IMD 2019 population-weighted relative need index,E07000131,Harborough,11.4,0-100 relative index,2019,"English Indices of Deprivation 2019 File 7: ranks, deciles, scores and population denominators",https://assets.publishing.service.gov.uk/media/5dc407b440f0b6379a7acc8d/File_7_-_All_IoD2019_Scores__Ranks__Deciles_and_Population_Denominators_3.csv,lad_2019,properties.lad19cd,social_need,higher_is_higher_need,"Higher index values mean stronger relative deprivation within the selected geography level. The index is derived from the population-weighted average IMD rank of LSOAs in each 2019 local authority; 100 is the highest relative need in the current map, not an absolute deprivation score.",Population-weighted average IMD rank using total population mid-2015 excluding prisoners,26892.6,8.0,26858.7,27999.0,88458,47,0,0.0,0,0.0,11.4
imd2019_need,IMD 2019 population-weighted relative need index,E09000014,Haringey,79.2,0-100 relative index,2019,"English Indices of Deprivation 2019 File 7: ranks, deciles, scores and population denominators",https://assets.publishing.service.gov.uk/media/5dc407b440f0b6379a7acc8d/File_7_-_All_IoD2019_Scores__Ranks__Deciles_and_Population_Denominators_3.csv,lad_2019,properties.lad19cd,social_need,higher_is_higher_need,"Higher index values mean stronger relative deprivation within the selected geography level. The index is derived from the population-weighted average IMD rank of LSOAs in each 2019 local authority; 100 is the highest relative need in the current map, not an absolute deprivation score.",Population-weighted average IMD rank using total population mid-2015 excluding prisoners,10957.4,28.0,11291.9,9598.0,268251,145,14,9.7,48,33.1,79.2
imd2019_need,IMD 2019 population-weighted relative need index,E07000073,Harlow,65.2,0-100 relative index,2019,"English Indices of Deprivation 2019 File 7: ranks, deciles, scores and population denominators",https://assets.publishing.service.gov.uk/media/5dc407b440f0b6379a7acc8d/File_7_-_All_IoD2019_Scores__Ranks__Deciles_and_Population_Denominators_3.csv,lad_2019,properties.lad19cd,social_need,higher_is_higher_need,"Higher index values mean stronger relative deprivation within the selected geography level. The index is derived from the population-weighted average IMD rank of LSOAs in each 2019 local authority; 100 is the highest relative need in the current map, not an absolute deprivation score.",Population-weighted average IMD rank using total population mid-2015 excluding prisoners,14262.2,21.4,14011.6,12622.5,85335,54,0,0.0,1,1.9,65.2
imd2019_need,IMD 2019 population-weighted relative need index,E07000165,Harrogate,24.0,0-100 relative index,2019,"English Indices of Deprivation 2019 File 7: ranks, deciles, scores and population denominators",https://assets.publishing.service.gov.uk/media/5dc407b440f0b6379a7acc8d/File_7_-_All_IoD2019_Scores__Ranks__Deciles_and_Population_Denominators_3.csv,lad_2019,properties.lad19cd,social_need,higher_is_higher_need,"Higher index values mean stronger relative deprivation within the selected geography level. The index is derived from the population-weighted average IMD rank of LSOAs in each 2019 local authority; 100 is the highest relative need in the current map, not an absolute deprivation score.",Population-weighted average IMD rank using total population mid-2015 excluding prisoners,23926.3,10.9,24081.9,23732.0,159916,104,1,1.0,1,1.0,24.0
imd2019_need,IMD 2019 population-weighted relative need index,E09000015,Harrow,41.7,0-100 relative index,2019,"English Indices of Deprivation 2019 File 7: ranks, deciles, scores and population denominators",https://assets.publishing.service.gov.uk/media/5dc407b440f0b6379a7acc8d/File_7_-_All_IoD2019_Scores__Ranks__Deciles_and_Population_Denominators_3.csv,lad_2019,properties.lad19cd,social_need,higher_is_higher_need,"Higher index values mean stronger relative deprivation within the selected geography level. The index is derived from the population-weighted average IMD rank of LSOAs in each 2019 local authority; 100 is the highest relative need in the current map, not an absolute deprivation score.",Population-weighted average IMD rank using total population mid-2015 excluding prisoners,19773.7,15.0,19977.0,20044.0,246818,137,0,0.0,2,1.5,41.7
imd2019_need,IMD 2019 population-weighted relative need index,E07000089,Hart,0.0,0-100 relative index,2019,"English Indices of Deprivation 2019 File 7: ranks, deciles, scores and population denominators",https://assets.publishing.service.gov.uk/media/5dc407b440f0b6379a7acc8d/File_7_-_All_IoD2019_Scores__Ranks__Deciles_and_Population_Denominators_3.csv,lad_2019,properties.lad19cd,social_need,higher_is_higher_need,"Higher index values mean stronger relative deprivation within the selected geography level. The index is derived from the population-weighted average IMD rank of LSOAs in each 2019 local authority; 100 is the highest relative need in the current map, not an absolute deprivation score.",Population-weighted average IMD rank using total population mid-2015 excluding prisoners,29560.9,5.5,29401.7,30810.0,94395,57,0,0.0,0,0.0,0.0
imd2019_need,IMD 2019 population-weighted relative need index,E06000001,Hartlepool,82.2,0-100 relative index,2019,"English Indices of Deprivation 2019 File 7: ranks, deciles, scores and population denominators",https://assets.publishing.service.gov.uk/media/5dc407b440f0b6379a7acc8d/File_7_-_All_IoD2019_Scores__Ranks__Deciles_and_Population_Denominators_3.csv,lad_2019,properties.lad19cd,social_need,higher_is_higher_need,"Higher index values mean stronger relative deprivation within the selected geography level. The index is derived from the population-weighted average IMD rank of LSOAs in each 2019 local authority; 100 is the highest relative need in the current map, not an absolute deprivation score.",Population-weighted average IMD rank using total population mid-2015 excluding prisoners,10263.0,35.0,10396.0,6175.0,92498,58,21,36.2,30,51.7,82.2
imd2019_need,IMD 2019 population-weighted relative need index,E07000062,Hastings,87.6,0-100 relative index,2019,"English Indices of Deprivation 2019 File 7: ranks, deciles, scores and population denominators",https://assets.publishing.service.gov.uk/media/5dc407b440f0b6379a7acc8d/File_7_-_All_IoD2019_Scores__Ranks__Deciles_and_Population_Denominators_3.csv,lad_2019,properties.lad19cd,social_need,higher_is_higher_need,"Higher index values mean stronger relative deprivation within the selected geography level. The index is derived from the population-weighted average IMD rank of LSOAs in each 2019 local authority; 100 is the highest relative need in the current map, not an absolute deprivation score.",Population-weighted average IMD rank using total population mid-2015 excluding prisoners,8999.6,34.3,8860.9,8378.0,91937,53,16,30.2,23,43.4,87.6
imd2019_need,IMD 2019 population-weighted relative need index,E07000090,Havant,57.0,0-100 relative index,2019,"English Indices of Deprivation 2019 File 7: ranks, deciles, scores and population denominators",https://assets.publishing.service.gov.uk/media/5dc407b440f0b6379a7acc8d/File_7_-_All_IoD2019_Scores__Ranks__Deciles_and_Population_Denominators_3.csv,lad_2019,properties.lad19cd,social_need,higher_is_higher_need,"Higher index values mean stronger relative deprivation within the selected geography level. The index is derived from the population-weighted average IMD rank of LSOAs in each 2019 local authority; 100 is the highest relative need in the current map, not an absolute deprivation score.",Population-weighted average IMD rank using total population mid-2015 excluding prisoners,16171.9,21.8,16190.9,17112.5,123122,78,6,7.7,23,29.5,57.0
imd2019_need,IMD 2019 population-weighted relative need index,E09000016,Havering,45.8,0-100 relative index,2019,"English Indices of Deprivation 2019 File 7: ranks, deciles, scores and population denominators",https://assets.publishing.service.gov.uk/media/5dc407b440f0b6379a7acc8d/File_7_-_All_IoD2019_Scores__Ranks__Deciles_and_Population_Denominators_3.csv,lad_2019,properties.lad19cd,social_need,higher_is_higher_need,"Higher index values mean stronger relative deprivation within the selected geography level. The index is derived from the population-weighted average IMD rank of LSOAs in each 2019 local authority; 100 is the highest relative need in the current map, not an absolute deprivation score.",Population-weighted average IMD rank using total population mid-2015 excluding prisoners,18809.0,16.8,19197.0,20074.0,249375,150,1,0.7,10,6.7,45.8
imd2019_need,IMD 2019 population-weighted relative need index,E06000019,"Herefordshire, County of",55.8,0-100 relative index,2019,"English Indices of Deprivation 2019 File 7: ranks, deciles, scores and population denominators",https://assets.publishing.service.gov.uk/media/5dc407b440f0b6379a7acc8d/File_7_-_All_IoD2019_Scores__Ranks__Deciles_and_Population_Denominators_3.csv,lad_2019,properties.lad19cd,social_need,higher_is_higher_need,"Higher index values mean stronger relative deprivation within the selected geography level. The index is derived from the population-weighted average IMD rank of LSOAs in each 2019 local authority; 100 is the highest relative need in the current map, not an absolute deprivation score.",Population-weighted average IMD rank using total population mid-2015 excluding prisoners,16460.2,18.9,16395.1,15326.0,188522,116,1,0.9,9,7.8,55.8
imd2019_need,IMD 2019 population-weighted relative need index,E07000098,Hertsmere,35.7,0-100 relative index,2019,"English Indices of Deprivation 2019 File 7: ranks, deciles, scores and population denominators",https://assets.publishing.service.gov.uk/media/5dc407b440f0b6379a7acc8d/File_7_-_All_IoD2019_Scores__Ranks__Deciles_and_Population_Denominators_3.csv,lad_2019,properties.lad19cd,social_need,higher_is_higher_need,"Higher index values mean stronger relative deprivation within the selected geography level. The index is derived from the population-weighted average IMD rank of LSOAs in each 2019 local authority; 100 is the highest relative need in the current map, not an absolute deprivation score.",Population-weighted average IMD rank using total population mid-2015 excluding prisoners,21175.5,13.9,21120.7,21427.5,103157,62,1,1.6,1,1.6,35.7
imd2019_need,IMD 2019 population-weighted relative need index,E07000037,High Peak,40.3,0-100 relative index,2019,"English Indices of Deprivation 2019 File 7: ranks, deciles, scores and population denominators",https://assets.publishing.service.gov.uk/media/5dc407b440f0b6379a7acc8d/File_7_-_All_IoD2019_Scores__Ranks__Deciles_and_Population_Denominators_3.csv,lad_2019,properties.lad19cd,social_need,higher_is_higher_need,"Higher index values mean stronger relative deprivation within the selected geography level. The index is derived from the population-weighted average IMD rank of LSOAs in each 2019 local authority; 100 is the highest relative need in the current map, not an absolute deprivation score.",Population-weighted average IMD rank using total population mid-2015 excluding prisoners,20087.0,15.6,19897.8,21025.0,91523,59,3,5.1,4,6.8,40.3
imd2019_need,IMD 2019 population-weighted relative need index,E09000017,Hillingdon,52.1,0-100 relative index,2019,"English Indices of Deprivation 2019 File 7: ranks, deciles, scores and population denominators",https://assets.publishing.service.gov.uk/media/5dc407b440f0b6379a7acc8d/File_7_-_All_IoD2019_Scores__Ranks__Deciles_and_Population_Denominators_3.csv,lad_2019,properties.lad19cd,social_need,higher_is_higher_need,"Higher index values mean stronger relative deprivation within the selected geography level. The index is derived from the population-weighted average IMD rank of LSOAs in each 2019 local authority; 100 is the highest relative need in the current map, not an absolute deprivation score.",Population-weighted average IMD rank using total population mid-2015 excluding prisoners,17330.0,18.2,17705.4,16368.0,296056,161,0,0.0,7,4.3,52.1
imd2019_need,IMD 2019 population-weighted relative need index,E07000132,Hinckley and Bosworth,33.9,0-100 relative index,2019,"English Indices of Deprivation 2019 File 7: ranks, deciles, scores and population denominators",https://assets.publishing.service.gov.uk/media/5dc407b440f0b6379a7acc8d/File_7_-_All_IoD2019_Scores__Ranks__Deciles_and_Population_Denominators_3.csv,lad_2019,properties.lad19cd,social_need,higher_is_higher_need,"Higher index values mean stronger relative deprivation within the selected geography level. The index is derived from the population-weighted average IMD rank of LSOAs in each 2019 local authority; 100 is the highest relative need in the current map, not an absolute deprivation score.",Population-weighted average IMD rank using total population mid-2015 excluding prisoners,21602.9,13.5,21580.6,22989.0,108603,66,0,0.0,1,1.5,33.9
imd2019_need,IMD 2019 population-weighted relative need index,E07000227,Horsham,20.0,0-100 relative index,2019,"English Indices of Deprivation 2019 File 7: ranks, deciles, scores and population denominators",https://assets.publishing.service.gov.uk/media/5dc407b440f0b6379a7acc8d/File_7_-_All_IoD2019_Scores__Ranks__Deciles_and_Population_Denominators_3.csv,lad_2019,properties.lad19cd,social_need,higher_is_higher_need,"Higher index values mean stronger relative deprivation within the selected geography level. The index is derived from the population-weighted average IMD rank of LSOAs in each 2019 local authority; 100 is the highest relative need in the current map, not an absolute deprivation score.",Population-weighted average IMD rank using total population mid-2015 excluding prisoners,24871.6,9.9,25199.1,26277.0,136258,81,0,0.0,0,0.0,20.0
imd2019_need,IMD 2019 population-weighted relative need index,E09000018,Hounslow,65.5,0-100 relative index,2019,"English Indices of Deprivation 2019 File 7: ranks, deciles, scores and population denominators",https://assets.publishing.service.gov.uk/media/5dc407b440f0b6379a7acc8d/File_7_-_All_IoD2019_Scores__Ranks__Deciles_and_Population_Denominators_3.csv,lad_2019,properties.lad19cd,social_need,higher_is_higher_need,"Higher index values mean stronger relative deprivation within the selected geography level. The index is derived from the population-weighted average IMD rank of LSOAs in each 2019 local authority; 100 is the highest relative need in the current map, not an absolute deprivation score.",Population-weighted average IMD rank using total population mid-2015 excluding prisoners,14192.5,21.5,14338.8,14130.5,265989,142,1,0.7,12,8.5,65.5
imd2019_need,IMD 2019 population-weighted relative need index,E07000011,Huntingdonshire,30.6,0-100 relative index,2019,"English Indices of Deprivation 2019 File 7: ranks, deciles, scores and population denominators",https://assets.publishing.service.gov.uk/media/5dc407b440f0b6379a7acc8d/File_7_-_All_IoD2019_Scores__Ranks__Deciles_and_Population_Denominators_3.csv,lad_2019,properties.lad19cd,social_need,higher_is_higher_need,"Higher index values mean stronger relative deprivation within the selected geography level. The index is derived from the population-weighted average IMD rank of LSOAs in each 2019 local authority; 100 is the highest relative need in the current map, not an absolute deprivation score.",Population-weighted average IMD rank using total population mid-2015 excluding prisoners,22379.1,12.6,22492.0,23828.0,174190,105,0,0.0,2,1.9,30.6
imd2019_need,IMD 2019 population-weighted relative need index,E07000120,Hyndburn,85.2,0-100 relative index,2019,"English Indices of Deprivation 2019 File 7: ranks, deciles, scores and population denominators",https://assets.publishing.service.gov.uk/media/5dc407b440f0b6379a7acc8d/File_7_-_All_IoD2019_Scores__Ranks__Deciles_and_Population_Denominators_3.csv,lad_2019,properties.lad19cd,social_need,higher_is_higher_need,"Higher index values mean stronger relative deprivation within the selected geography level. The index is derived from the population-weighted average IMD rank of LSOAs in each 2019 local authority; 100 is the highest relative need in the current map, not an absolute deprivation score.",Population-weighted average IMD rank using total population mid-2015 excluding prisoners,9547.5,34.3,9739.1,7446.0,80113,52,14,26.9,25,48.1,85.2
imd2019_need,IMD 2019 population-weighted relative need index,E07000202,Ipswich,70.6,0-100 relative index,2019,"English Indices of Deprivation 2019 File 7: ranks, deciles, scores and population denominators",https://assets.publishing.service.gov.uk/media/5dc407b440f0b6379a7acc8d/File_7_-_All_IoD2019_Scores__Ranks__Deciles_and_Population_Denominators_3.csv,lad_2019,properties.lad19cd,social_need,higher_is_higher_need,"Higher index values mean stronger relative deprivation within the selected geography level. The index is derived from the population-weighted average IMD rank of LSOAs in each 2019 local authority; 100 is the highest relative need in the current map, not an absolute deprivation score.",Population-weighted average IMD rank using total population mid-2015 excluding prisoners,12978.1,25.9,13231.6,12395.0,137694,85,12,14.1,28,32.9,70.6
imd2019_need,IMD 2019 population-weighted relative need index,E06000046,Isle of Wight,68.9,0-100 relative index,2019,"English Indices of Deprivation 2019 File 7: ranks, deciles, scores and population denominators",https://assets.publishing.service.gov.uk/media/5dc407b440f0b6379a7acc8d/File_7_-_All_IoD2019_Scores__Ranks__Deciles_and_Population_Denominators_3.csv,lad_2019,properties.lad19cd,social_need,higher_is_higher_need,"Higher index values mean stronger relative deprivation within the selected geography level. The index is derived from the population-weighted average IMD rank of LSOAs in each 2019 local authority; 100 is the highest relative need in the current map, not an absolute deprivation score.",Population-weighted average IMD rank using total population mid-2015 excluding prisoners,13390.7,23.3,13356.4,12656.0,138718,89,3,3.4,12,13.5,68.9
imd2019_need,IMD 2019 population-weighted relative need index,E06000053,Isles of Scilly,31.5,0-100 relative index,2019,"English Indices of Deprivation 2019 File 7: ranks, deciles, scores and population denominators",https://assets.publishing.service.gov.uk/media/5dc407b440f0b6379a7acc8d/File_7_-_All_IoD2019_Scores__Ranks__Deciles_and_Population_Denominators_3.csv,lad_2019,properties.lad19cd,social_need,higher_is_higher_need,"Higher index values mean stronger relative deprivation within the selected geography level. The index is derived from the population-weighted average IMD rank of LSOAs in each 2019 local authority; 100 is the highest relative need in the current map, not an absolute deprivation score.",Population-weighted average IMD rank using total population mid-2015 excluding prisoners,22165.0,12.0,22165.0,22165.0,2335,1,0,0.0,0,0.0,31.5
imd2019_need,IMD 2019 population-weighted relative need index,E09000019,Islington,81.8,0-100 relative index,2019,"English Indices of Deprivation 2019 File 7: ranks, deciles, scores and population denominators",https://assets.publishing.service.gov.uk/media/5dc407b440f0b6379a7acc8d/File_7_-_All_IoD2019_Scores__Ranks__Deciles_and_Population_Denominators_3.csv,lad_2019,properties.lad19cd,social_need,higher_is_higher_need,"Higher index values mean stronger relative deprivation within the selected geography level. The index is derived from the population-weighted average IMD rank of LSOAs in each 2019 local authority; 100 is the highest relative need in the current map, not an absolute deprivation score.",Population-weighted average IMD rank using total population mid-2015 excluding prisoners,10354.8,27.5,10296.5,9162.0,226736,123,6,4.9,32,26.0,81.8
imd2019_need,IMD 2019 population-weighted relative need index,E09000020,Kensington and Chelsea,59.2,0-100 relative index,2019,"English Indices of Deprivation 2019 File 7: ranks, deciles, scores and population denominators",https://assets.publishing.service.gov.uk/media/5dc407b440f0b6379a7acc8d/File_7_-_All_IoD2019_Scores__Ranks__Deciles_and_Population_Denominators_3.csv,lad_2019,properties.lad19cd,social_need,higher_is_higher_need,"Higher index values mean stronger relative deprivation within the selected geography level. The index is derived from the population-weighted average IMD rank of LSOAs in each 2019 local authority; 100 is the highest relative need in the current map, not an absolute deprivation score.",Population-weighted average IMD rank using total population mid-2015 excluding prisoners,15667.5,21.5,15419.3,16091.0,158589,103,9,8.7,23,22.3,59.2
imd2019_need,IMD 2019 population-weighted relative need index,E07000153,Kettering,50.2,0-100 relative index,2019,"English Indices of Deprivation 2019 File 7: ranks, deciles, scores and population denominators",https://assets.publishing.service.gov.uk/media/5dc407b440f0b6379a7acc8d/File_7_-_All_IoD2019_Scores__Ranks__Deciles_and_Population_Denominators_3.csv,lad_2019,properties.lad19cd,social_need,higher_is_higher_need,"Higher index values mean stronger relative deprivation within the selected geography level. The index is derived from the population-weighted average IMD rank of LSOAs in each 2019 local authority; 100 is the highest relative need in the current map, not an absolute deprivation score.",Population-weighted average IMD rank using total population mid-2015 excluding prisoners,17766.5,19.2,18504.5,19489.0,97605,57,4,7.0,6,10.5,50.2
imd2019_need,IMD 2019 population-weighted relative need index,E07000146,King's Lynn and West Norfolk,69.0,0-100 relative index,2019,"English Indices of Deprivation 2019 File 7: ranks, deciles, scores and population denominators",https://assets.publishing.service.gov.uk/media/5dc407b440f0b6379a7acc8d/File_7_-_All_IoD2019_Scores__Ranks__Deciles_and_Population_Denominators_3.csv,lad_2019,properties.lad19cd,social_need,higher_is_higher_need,"Higher index values mean stronger relative deprivation within the selected geography level. The index is derived from the population-weighted average IMD rank of LSOAs in each 2019 local authority; 100 is the highest relative need in the current map, not an absolute deprivation score.",Population-weighted average IMD rank using total population mid-2015 excluding prisoners,13351.5,23.7,13390.1,13198.0,151261,89,7,7.9,13,14.6,69.0
imd2019_need,IMD 2019 population-weighted relative need index,E06000010,"Kingston upon Hull, City of",93.4,0-100 relative index,2019,"English Indices of Deprivation 2019 File 7: ranks, deciles, scores and population denominators",https://assets.publishing.service.gov.uk/media/5dc407b440f0b6379a7acc8d/File_7_-_All_IoD2019_Scores__Ranks__Deciles_and_Population_Denominators_3.csv,lad_2019,properties.lad19cd,social_need,higher_is_higher_need,"Higher index values mean stronger relative deprivation within the selected geography level. The index is derived from the population-weighted average IMD rank of LSOAs in each 2019 local authority; 100 is the highest relative need in the current map, not an absolute deprivation score.",Population-weighted average IMD rank using total population mid-2015 excluding prisoners,7622.2,40.6,7693.7,4597.5,258038,166,75,45.2,90,54.2,93.4
imd2019_need,IMD 2019 population-weighted relative need index,E09000021,Kingston upon Thames,26.1,0-100 relative index,2019,"English Indices of Deprivation 2019 File 7: ranks, deciles, scores and population denominators",https://assets.publishing.service.gov.uk/media/5dc407b440f0b6379a7acc8d/File_7_-_All_IoD2019_Scores__Ranks__Deciles_and_Population_Denominators_3.csv,lad_2019,properties.lad19cd,social_need,higher_is_higher_need,"Higher index values mean stronger relative deprivation within the selected geography level. The index is derived from the population-weighted average IMD rank of LSOAs in each 2019 local authority; 100 is the highest relative need in the current map, not an absolute deprivation score.",Population-weighted average IMD rank using total population mid-2015 excluding prisoners,23432.7,11.4,23519.4,24742.0,171609,98,0,0.0,1,1.0,26.1
imd2019_need,IMD 2019 population-weighted relative need index,E08000034,Kirklees,67.4,0-100 relative index,2019,"English Indices of Deprivation 2019 File 7: ranks, deciles, scores and population denominators",https://assets.publishing.service.gov.uk/media/5dc407b440f0b6379a7acc8d/File_7_-_All_IoD2019_Scores__Ranks__Deciles_and_Population_Denominators_3.csv,lad_2019,properties.lad19cd,social_need,higher_is_higher_need,"Higher index values mean stronger relative deprivation within the selected geography level. The index is derived from the population-weighted average IMD rank of LSOAs in each 2019 local authority; 100 is the highest relative need in the current map, not an absolute deprivation score.",Population-weighted average IMD rank using total population mid-2015 excluding prisoners,13724.0,25.2,13914.0,12774.0,432855,259,31,12.0,78,30.1,67.4
imd2019_need,IMD 2019 population-weighted relative need index,E08000011,Knowsley,97.6,0-100 relative index,2019,"English Indices of Deprivation 2019 File 7: ranks, deciles, scores and population denominators",https://assets.publishing.service.gov.uk/media/5dc407b440f0b6379a7acc8d/File_7_-_All_IoD2019_Scores__Ranks__Deciles_and_Population_Denominators_3.csv,lad_2019,properties.lad19cd,social_need,higher_is_higher_need,"Higher index values mean stronger relative deprivation within the selected geography level. The index is derived from the population-weighted average IMD rank of LSOAs in each 2019 local authority; 100 is the highest relative need in the current map, not an absolute deprivation score.",Population-weighted average IMD rank using total population mid-2015 excluding prisoners,6645.3,43.0,6473.6,3937.0,147262,98,46,46.9,62,63.3,97.6
imd2019_need,IMD 2019 population-weighted relative need index,E09000022,Lambeth,76.9,0-100 relative index,2019,"English Indices of Deprivation 2019 File 7: ranks, deciles, scores and population denominators",https://assets.publishing.service.gov.uk/media/5dc407b440f0b6379a7acc8d/File_7_-_All_IoD2019_Scores__Ranks__Deciles_and_Population_Denominators_3.csv,lad_2019,properties.lad19cd,social_need,higher_is_higher_need,"Higher index values mean stronger relative deprivation within the selected geography level. The index is derived from the population-weighted average IMD rank of LSOAs in each 2019 local authority; 100 is the highest relative need in the current map, not an absolute deprivation score.",Population-weighted average IMD rank using total population mid-2015 excluding prisoners,11493.6,25.4,11294.6,10620.5,320015,178,0,0.0,36,20.2,76.9
imd2019_need,IMD 2019 population-weighted relative need index,E07000121,Lancaster,61.4,0-100 relative index,2019,"English Indices of Deprivation 2019 File 7: ranks, deciles, scores and population denominators",https://assets.publishing.service.gov.uk/media/5dc407b440f0b6379a7acc8d/File_7_-_All_IoD2019_Scores__Ranks__Deciles_and_Population_Denominators_3.csv,lad_2019,properties.lad19cd,social_need,higher_is_higher_need,"Higher index values mean stronger relative deprivation within the selected geography level. The index is derived from the population-weighted average IMD rank of LSOAs in each 2019 local authority; 100 is the highest relative need in the current map, not an absolute deprivation score.",Population-weighted average IMD rank using total population mid-2015 excluding prisoners,15136.7,24.2,14832.9,15346.0,140304,89,13,14.6,21,23.6,61.4
imd2019_need,IMD 2019 population-weighted relative need index,E08000035,Leeds,66.5,0-100 relative index,2019,"English Indices of Deprivation 2019 File 7: ranks, deciles, scores and population denominators",https://assets.publishing.service.gov.uk/media/5dc407b440f0b6379a7acc8d/File_7_-_All_IoD2019_Scores__Ranks__Deciles_and_Population_Denominators_3.csv,lad_2019,properties.lad19cd,social_need,higher_is_higher_need,"Higher index values mean stronger relative deprivation within the selected geography level. The index is derived from the population-weighted average IMD rank of LSOAs in each 2019 local authority; 100 is the highest relative need in the current map, not an absolute deprivation score.",Population-weighted average IMD rank using total population mid-2015 excluding prisoners,13935.8,27.3,14058.0,14326.5,771857,482,114,23.7,162,33.6,66.5
imd2019_need,IMD 2019 population-weighted relative need index,E06000016,Leicester,83.4,0-100 relative index,2019,"English Indices of Deprivation 2019 File 7: ranks, deciles, scores and population denominators",https://assets.publishing.service.gov.uk/media/5dc407b440f0b6379a7acc8d/File_7_-_All_IoD2019_Scores__Ranks__Deciles_and_Population_Denominators_3.csv,lad_2019,properties.lad19cd,social_need,higher_is_higher_need,"Higher index values mean stronger relative deprivation within the selected geography level. The index is derived from the population-weighted average IMD rank of LSOAs in each 2019 local authority; 100 is the highest relative need in the current map, not an absolute deprivation score.",Population-weighted average IMD rank using total population mid-2015 excluding prisoners,9987.0,30.9,10098.5,8908.0,343915,192,39,20.3,68,35.4,83.4
imd2019_need,IMD 2019 population-weighted relative need index,E07000063,Lewes,42.9,0-100 relative index,2019,"English Indices of Deprivation 2019 File 7: ranks, deciles, scores and population denominators",https://assets.publishing.service.gov.uk/media/5dc407b440f0b6379a7acc8d/File_7_-_All_IoD2019_Scores__Ranks__Deciles_and_Population_Denominators_3.csv,lad_2019,properties.lad19cd,social_need,higher_is_higher_need,"Higher index values mean stronger relative deprivation within the selected geography level. The index is derived from the population-weighted average IMD rank of LSOAs in each 2019 local authority; 100 is the highest relative need in the current map, not an absolute deprivation score.",Population-weighted average IMD rank using total population mid-2015 excluding prisoners,19485.3,15.8,19504.9,21316.0,100562,62,0,0.0,2,3.2,42.9
imd2019_need,IMD 2019 population-weighted relative need index,E09000023,Lewisham,79.5,0-100 relative index,2019,"English Indices of Deprivation 2019 File 7: ranks, deciles, scores and population denominators",https://assets.publishing.service.gov.uk/media/5dc407b440f0b6379a7acc8d/File_7_-_All_IoD2019_Scores__Ranks__Deciles_and_Population_Denominators_3.csv,lad_2019,properties.lad19cd,social_need,higher_is_higher_need,"Higher index values mean stronger relative deprivation within the selected geography level. The index is derived from the population-weighted average IMD rank of LSOAs in each 2019 local authority; 100 is the highest relative need in the current map, not an absolute deprivation score.",Population-weighted average IMD rank using total population mid-2015 excluding prisoners,10885.8,26.7,10781.4,9617.0,294999,169,5,3.0,44,26.0,79.5
imd2019_need,IMD 2019 population-weighted relative need index,E07000194,Lichfield,30.3,0-100 relative index,2019,"English Indices of Deprivation 2019 File 7: ranks, deciles, scores and population denominators",https://assets.publishing.service.gov.uk/media/5dc407b440f0b6379a7acc8d/File_7_-_All_IoD2019_Scores__Ranks__Deciles_and_Population_Denominators_3.csv,lad_2019,properties.lad19cd,social_need,higher_is_higher_need,"Higher index values mean stronger relative deprivation within the selected geography level. The index is derived from the population-weighted average IMD rank of LSOAs in each 2019 local authority; 100 is the highest relative need in the current map, not an absolute deprivation score.",Population-weighted average IMD rank using total population mid-2015 excluding prisoners,22457.8,12.6,22330.0,23437.0,102004,58,0,0.0,2,3.4,30.3
imd2019_need,IMD 2019 population-weighted relative need index,E07000138,Lincoln,71.3,0-100 relative index,2019,"English Indices of Deprivation 2019 File 7: ranks, deciles, scores and population denominators",https://assets.publishing.service.gov.uk/media/5dc407b440f0b6379a7acc8d/File_7_-_All_IoD2019_Scores__Ranks__Deciles_and_Population_Denominators_3.csv,lad_2019,properties.lad19cd,social_need,higher_is_higher_need,"Higher index values mean stronger relative deprivation within the selected geography level. The index is derived from the population-weighted average IMD rank of LSOAs in each 2019 local authority; 100 is the highest relative need in the current map, not an absolute deprivation score.",Population-weighted average IMD rank using total population mid-2015 excluding prisoners,12829.1,26.9,12675.2,11023.0,96301,57,10,17.5,19,33.3,71.3
imd2019_need,IMD 2019 population-weighted relative need index,E08000012,Liverpool,96.0,0-100 relative index,2019,"English Indices of Deprivation 2019 File 7: ranks, deciles, scores and population denominators",https://assets.publishing.service.gov.uk/media/5dc407b440f0b6379a7acc8d/File_7_-_All_IoD2019_Scores__Ranks__Deciles_and_Population_Denominators_3.csv,lad_2019,properties.lad19cd,social_need,higher_is_higher_need,"Higher index values mean stronger relative deprivation within the selected geography level. The index is derived from the population-weighted average IMD rank of LSOAs in each 2019 local authority; 100 is the highest relative need in the current map, not an absolute deprivation score.",Population-weighted average IMD rank using total population mid-2015 excluding prisoners,7011.4,42.4,7023.4,3455.0,479723,298,145,48.7,187,62.8,96.0
imd2019_need,IMD 2019 population-weighted relative need index,E06000032,Luton,74.9,0-100 relative index,2019,"English Indices of Deprivation 2019 File 7: ranks, deciles, scores and population denominators",https://assets.publishing.service.gov.uk/media/5dc407b440f0b6379a7acc8d/File_7_-_All_IoD2019_Scores__Ranks__Deciles_and_Population_Denominators_3.csv,lad_2019,properties.lad19cd,social_need,higher_is_higher_need,"Higher index values mean stronger relative deprivation within the selected geography level. The index is derived from the population-weighted average IMD rank of LSOAs in each 2019 local authority; 100 is the highest relative need in the current map, not an absolute deprivation score.",Population-weighted average IMD rank using total population mid-2015 excluding prisoners,11981.0,25.9,12621.2,11723.0,213581,121,4,3.3,33,27.3,74.9
imd2019_need,IMD 2019 population-weighted relative need index,E07000110,Maidstone,44.1,0-100 relative index,2019,"English Indices of Deprivation 2019 File 7: ranks, deciles, scores and population denominators",https://assets.publishing.service.gov.uk/media/5dc407b440f0b6379a7acc8d/File_7_-_All_IoD2019_Scores__Ranks__Deciles_and_Population_Denominators_3.csv,lad_2019,properties.lad19cd,social_need,higher_is_higher_need,"Higher index values mean stronger relative deprivation within the selected geography level. The index is derived from the population-weighted average IMD rank of LSOAs in each 2019 local authority; 100 is the highest relative need in the current map, not an absolute deprivation score.",Population-weighted average IMD rank using total population mid-2015 excluding prisoners,19205.4,16.5,19503.7,19154.0,163352,95,2,2.1,6,6.3,44.1
imd2019_need,IMD 2019 population-weighted relative need index,E07000074,Maldon,38.8,0-100 relative index,2019,"English Indices of Deprivation 2019 File 7: ranks, deciles, scores and population denominators",https://assets.publishing.service.gov.uk/media/5dc407b440f0b6379a7acc8d/File_7_-_All_IoD2019_Scores__Ranks__Deciles_and_Population_Denominators_3.csv,lad_2019,properties.lad19cd,social_need,higher_is_higher_need,"Higher index values mean stronger relative deprivation within the selected geography level. The index is derived from the population-weighted average IMD rank of LSOAs in each 2019 local authority; 100 is the highest relative need in the current map, not an absolute deprivation score.",Population-weighted average IMD rank using total population mid-2015 excluding prisoners,20455.7,14.2,20575.6,21163.5,62824,40,0,0.0,0,0.0,38.8
imd2019_need,IMD 2019 population-weighted relative need index,E07000235,Malvern Hills,44.1,0-100 relative index,2019,"English Indices of Deprivation 2019 File 7: ranks, deciles, scores and population denominators",https://assets.publishing.service.gov.uk/media/5dc407b440f0b6379a7acc8d/File_7_-_All_IoD2019_Scores__Ranks__Deciles_and_Population_Denominators_3.csv,lad_2019,properties.lad19cd,social_need,higher_is_higher_need,"Higher index values mean stronger relative deprivation within the selected geography level. The index is derived from the population-weighted average IMD rank of LSOAs in each 2019 local authority; 100 is the highest relative need in the current map, not an absolute deprivation score.",Population-weighted average IMD rank using total population mid-2015 excluding prisoners,19203.6,16.1,19185.1,19397.0,76136,45,1,2.2,2,4.4,44.1
imd2019_need,IMD 2019 population-weighted relative need index,E08000003,Manchester,98.5,0-100 relative index,2019,"English Indices of Deprivation 2019 File 7: ranks, deciles, scores and population denominators",https://assets.publishing.service.gov.uk/media/5dc407b440f0b6379a7acc8d/File_7_-_All_IoD2019_Scores__Ranks__Deciles_and_Population_Denominators_3.csv,lad_2019,properties.lad19cd,social_need,higher_is_higher_need,"Higher index values mean stronger relative deprivation within the selected geography level. The index is derived from the population-weighted average IMD rank of LSOAs in each 2019 local authority; 100 is the highest relative need in the current map, not an absolute deprivation score.",Population-weighted average IMD rank using total population mid-2015 excluding prisoners,6427.2,40.0,6598.6,4259.5,529282,282,122,43.3,167,59.2,98.5
imd2019_need,IMD 2019 population-weighted relative need index,E07000174,Mansfield,74.3,0-100 relative index,2019,"English Indices of Deprivation 2019 File 7: ranks, deciles, scores and population denominators",https://assets.publishing.service.gov.uk/media/5dc407b440f0b6379a7acc8d/File_7_-_All_IoD2019_Scores__Ranks__Deciles_and_Population_Denominators_3.csv,lad_2019,properties.lad19cd,social_need,higher_is_higher_need,"Higher index values mean stronger relative deprivation within the selected geography level. The index is derived from the population-weighted average IMD rank of LSOAs in each 2019 local authority; 100 is the highest relative need in the current map, not an absolute deprivation score.",Population-weighted average IMD rank using total population mid-2015 excluding prisoners,12120.4,28.5,12053.5,8790.0,106780,67,10,14.9,27,40.3,74.3
imd2019_need,IMD 2019 population-weighted relative need index,E06000035,Medway,65.2,0-100 relative index,2019,"English Indices of Deprivation 2019 File 7: ranks, deciles, scores and population denominators",https://assets.publishing.service.gov.uk/media/5dc407b440f0b6379a7acc8d/File_7_-_All_IoD2019_Scores__Ranks__Deciles_and_Population_Denominators_3.csv,lad_2019,properties.lad19cd,social_need,higher_is_higher_need,"Higher index values mean stronger relative deprivation within the selected geography level. The index is derived from the population-weighted average IMD rank of LSOAs in each 2019 local authority; 100 is the highest relative need in the current map, not an absolute deprivation score.",Population-weighted average IMD rank using total population mid-2015 excluding prisoners,14257.1,23.9,14441.0,12726.0,274391,163,14,8.6,37,22.7,65.2
imd2019_need,IMD 2019 population-weighted relative need index,E07000133,Melton,30.5,0-100 relative index,2019,"English Indices of Deprivation 2019 File 7: ranks, deciles, scores and population denominators",https://assets.publishing.service.gov.uk/media/5dc407b440f0b6379a7acc8d/File_7_-_All_IoD2019_Scores__Ranks__Deciles_and_Population_Denominators_3.csv,lad_2019,properties.lad19cd,social_need,higher_is_higher_need,"Higher index values mean stronger relative deprivation within the selected geography level. The index is derived from the population-weighted average IMD rank of LSOAs in each 2019 local authority; 100 is the highest relative need in the current map, not an absolute deprivation score.",Population-weighted average IMD rank using total population mid-2015 excluding prisoners,22407.0,12.5,22382.3,23050.5,50956,30,0,0.0,0,0.0,30.5
imd2019_need,IMD 2019 population-weighted relative need index,E07000187,Mendip,47.9,0-100 relative index,2019,"English Indices of Deprivation 2019 File 7: ranks, deciles, scores and population denominators",https://assets.publishing.service.gov.uk/media/5dc407b440f0b6379a7acc8d/File_7_-_All_IoD2019_Scores__Ranks__Deciles_and_Population_Denominators_3.csv,lad_2019,properties.lad19cd,social_need,higher_is_higher_need,"Higher index values mean stronger relative deprivation within the selected geography level. The index is derived from the population-weighted average IMD rank of LSOAs in each 2019 local authority; 100 is the highest relative need in the current map, not an absolute deprivation score.",Population-weighted average IMD rank using total population mid-2015 excluding prisoners,18314.4,16.6,18237.3,17880.0,112056,66,1,1.5,2,3.0,47.9
imd2019_need,IMD 2019 population-weighted relative need index,E09000024,Merton,38.1,0-100 relative index,2019,"English Indices of Deprivation 2019 File 7: ranks, deciles, scores and population denominators",https://assets.publishing.service.gov.uk/media/5dc407b440f0b6379a7acc8d/File_7_-_All_IoD2019_Scores__Ranks__Deciles_and_Population_Denominators_3.csv,lad_2019,properties.lad19cd,social_need,higher_is_higher_need,"Higher index values mean stronger relative deprivation within the selected geography level. The index is derived from the population-weighted average IMD rank of LSOAs in each 2019 local authority; 100 is the highest relative need in the current map, not an absolute deprivation score.",Population-weighted average IMD rank using total population mid-2015 excluding prisoners,20620.4,14.6,20967.6,21836.0,205965,124,0,0.0,3,2.4,38.1
imd2019_need,IMD 2019 population-weighted relative need index,E07000042,Mid Devon,50.1,0-100 relative index,2019,"English Indices of Deprivation 2019 File 7: ranks, deciles, scores and population denominators",https://assets.publishing.service.gov.uk/media/5dc407b440f0b6379a7acc8d/File_7_-_All_IoD2019_Scores__Ranks__Deciles_and_Population_Denominators_3.csv,lad_2019,properties.lad19cd,social_need,higher_is_higher_need,"Higher index values mean stronger relative deprivation within the selected geography level. The index is derived from the population-weighted average IMD rank of LSOAs in each 2019 local authority; 100 is the highest relative need in the current map, not an absolute deprivation score.",Population-weighted average IMD rank using total population mid-2015 excluding prisoners,17807.3,16.9,17468.4,15839.0,79582,43,0,0.0,0,0.0,50.1
imd2019_need,IMD 2019 population-weighted relative need index,E07000203,Mid Suffolk,34.5,0-100 relative index,2019,"English Indices of Deprivation 2019 File 7: ranks, deciles, scores and population denominators",https://assets.publishing.service.gov.uk/media/5dc407b440f0b6379a7acc8d/File_7_-_All_IoD2019_Scores__Ranks__Deciles_and_Population_Denominators_3.csv,lad_2019,properties.lad19cd,social_need,higher_is_higher_need,"Higher index values mean stronger relative deprivation within the selected geography level. The index is derived from the population-weighted average IMD rank of LSOAs in each 2019 local authority; 100 is the highest relative need in the current map, not an absolute deprivation score.",Population-weighted average IMD rank using total population mid-2015 excluding prisoners,21464.6,13.2,21330.9,20717.0,100251,56,0,0.0,1,1.8,34.5
imd2019_need,IMD 2019 population-weighted relative need index,E07000228,Mid Sussex,9.7,0-100 relative index,2019,"English Indices of Deprivation 2019 File 7: ranks, deciles, scores and population denominators",https://assets.publishing.service.gov.uk/media/5dc407b440f0b6379a7acc8d/File_7_-_All_IoD2019_Scores__Ranks__Deciles_and_Population_Denominators_3.csv,lad_2019,properties.lad19cd,social_need,higher_is_higher_need,"Higher index values mean stronger relative deprivation within the selected geography level. The index is derived from the population-weighted average IMD rank of LSOAs in each 2019 local authority; 100 is the highest relative need in the current map, not an absolute deprivation score.",Population-weighted average IMD rank using total population mid-2015 excluding prisoners,27278.3,7.7,27282.3,29060.0,145969,86,0,0.0,0,0.0,9.7
imd2019_need,IMD 2019 population-weighted relative need index,E06000002,Middlesbrough,87.1,0-100 relative index,2019,"English Indices of Deprivation 2019 File 7: ranks, deciles, scores and population denominators",https://assets.publishing.service.gov.uk/media/5dc407b440f0b6379a7acc8d/File_7_-_All_IoD2019_Scores__Ranks__Deciles_and_Population_Denominators_3.csv,lad_2019,properties.lad19cd,social_need,higher_is_higher_need,"Higher index values mean stronger relative deprivation within the selected geography level. The index is derived from the population-weighted average IMD rank of LSOAs in each 2019 local authority; 100 is the highest relative need in the current map, not an absolute deprivation score.",Population-weighted average IMD rank using total population mid-2015 excluding prisoners,9115.9,40.5,9189.6,3513.5,139310,86,42,48.8,49,57.0,87.1
imd2019_need,IMD 2019 population-weighted relative need index,E06000042,Milton Keynes,47.1,0-100 relative index,2019,"English Indices of Deprivation 2019 File 7: ranks, deciles, scores and population denominators",https://assets.publishing.service.gov.uk/media/5dc407b440f0b6379a7acc8d/File_7_-_All_IoD2019_Scores__Ranks__Deciles_and_Population_Denominators_3.csv,lad_2019,properties.lad19cd,social_need,higher_is_higher_need,"Higher index values mean stronger relative deprivation within the selected geography level. The index is derived from the population-weighted average IMD rank of LSOAs in each 2019 local authority; 100 is the highest relative need in the current map, not an absolute deprivation score.",Population-weighted average IMD rank using total population mid-2015 excluding prisoners,18494.0,18.0,18513.6,20138.5,262828,152,8,5.3,18,11.8,47.1
imd2019_need,IMD 2019 population-weighted relative need index,E07000210,Mole Valley,17.7,0-100 relative index,2019,"English Indices of Deprivation 2019 File 7: ranks, deciles, scores and population denominators",https://assets.publishing.service.gov.uk/media/5dc407b440f0b6379a7acc8d/File_7_-_All_IoD2019_Scores__Ranks__Deciles_and_Population_Denominators_3.csv,lad_2019,properties.lad19cd,social_need,higher_is_higher_need,"Higher index values mean stronger relative deprivation within the selected geography level. The index is derived from the population-weighted average IMD rank of LSOAs in each 2019 local authority; 100 is the highest relative need in the current map, not an absolute deprivation score.",Population-weighted average IMD rank using total population mid-2015 excluding prisoners,25397.1,9.5,25788.9,27910.0,86978,54,0,0.0,0,0.0,17.7
imd2019_need,IMD 2019 population-weighted relative need index,E07000091,New Forest,31.9,0-100 relative index,2019,"English Indices of Deprivation 2019 File 7: ranks, deciles, scores and population denominators",https://assets.publishing.service.gov.uk/media/5dc407b440f0b6379a7acc8d/File_7_-_All_IoD2019_Scores__Ranks__Deciles_and_Population_Denominators_3.csv,lad_2019,properties.lad19cd,social_need,higher_is_higher_need,"Higher index values mean stronger relative deprivation within the selected geography level. The index is derived from the population-weighted average IMD rank of LSOAs in each 2019 local authority; 100 is the highest relative need in the current map, not an absolute deprivation score.",Population-weighted average IMD rank using total population mid-2015 excluding prisoners,22062.7,13.0,21970.1,23349.0,179275,114,0,0.0,3,2.6,31.9
imd2019_need,IMD 2019 population-weighted relative need index,E07000175,Newark and Sherwood,52.4,0-100 relative index,2019,"English Indices of Deprivation 2019 File 7: ranks, deciles, scores and population denominators",https://assets.publishing.service.gov.uk/media/5dc407b440f0b6379a7acc8d/File_7_-_All_IoD2019_Scores__Ranks__Deciles_and_Population_Denominators_3.csv,lad_2019,properties.lad19cd,social_need,higher_is_higher_need,"Higher index values mean stronger relative deprivation within the selected geography level. The index is derived from the population-weighted average IMD rank of LSOAs in each 2019 local authority; 100 is the highest relative need in the current map, not an absolute deprivation score.",Population-weighted average IMD rank using total population mid-2015 excluding prisoners,17267.0,19.2,17376.6,17792.5,117839,70,3,4.3,10,14.3,52.4
imd2019_need,IMD 2019 population-weighted relative need index,E08000021,Newcastle upon Tyne,70.2,0-100 relative index,2019,"English Indices of Deprivation 2019 File 7: ranks, deciles, scores and population denominators",https://assets.publishing.service.gov.uk/media/5dc407b440f0b6379a7acc8d/File_7_-_All_IoD2019_Scores__Ranks__Deciles_and_Population_Denominators_3.csv,lad_2019,properties.lad19cd,social_need,higher_is_higher_need,"Higher index values mean stronger relative deprivation within the selected geography level. The index is derived from the population-weighted average IMD rank of LSOAs in each 2019 local authority; 100 is the highest relative need in the current map, not an absolute deprivation score.",Population-weighted average IMD rank using total population mid-2015 excluding prisoners,13072.3,29.8,13043.4,10858.0,290764,175,45,25.7,69,39.4,70.2
imd2019_need,IMD 2019 population-weighted relative need index,E07000195,Newcastle-under-Lyme,52.1,0-100 relative index,2019,"English Indices of Deprivation 2019 File 7: ranks, deciles, scores and population denominators",https://assets.publishing.service.gov.uk/media/5dc407b440f0b6379a7acc8d/File_7_-_All_IoD2019_Scores__Ranks__Deciles_and_Population_Denominators_3.csv,lad_2019,properties.lad19cd,social_need,higher_is_higher_need,"Higher index values mean stronger relative deprivation within the selected geography level. The index is derived from the population-weighted average IMD rank of LSOAs in each 2019 local authority; 100 is the highest relative need in the current map, not an absolute deprivation score.",Population-weighted average IMD rank using total population mid-2015 excluding prisoners,17318.9,18.9,17065.7,18444.5,126863,80,2,2.5,9,11.2,52.1
imd2019_need,IMD 2019 population-weighted relative need index,E09000025,Newham,88.8,0-100 relative index,2019,"English Indices of Deprivation 2019 File 7: ranks, deciles, scores and population denominators",https://assets.publishing.service.gov.uk/media/5dc407b440f0b6379a7acc8d/File_7_-_All_IoD2019_Scores__Ranks__Deciles_and_Population_Denominators_3.csv,lad_2019,properties.lad19cd,social_need,higher_is_higher_need,"Higher index values mean stronger relative deprivation within the selected geography level. The index is derived from the population-weighted average IMD rank of LSOAs in each 2019 local authority; 100 is the highest relative need in the current map, not an absolute deprivation score.",Population-weighted average IMD rank using total population mid-2015 excluding prisoners,8706.3,29.6,8650.0,8403.0,336254,164,4,2.4,44,26.8,88.8
imd2019_need,IMD 2019 population-weighted relative need index,E07000043,North Devon,58.8,0-100 relative index,2019,"English Indices of Deprivation 2019 File 7: ranks, deciles, scores and population denominators",https://assets.publishing.service.gov.uk/media/5dc407b440f0b6379a7acc8d/File_7_-_All_IoD2019_Scores__Ranks__Deciles_and_Population_Denominators_3.csv,lad_2019,properties.lad19cd,social_need,higher_is_higher_need,"Higher index values mean stronger relative deprivation within the selected geography level. The index is derived from the population-weighted average IMD rank of LSOAs in each 2019 local authority; 100 is the highest relative need in the current map, not an absolute deprivation score.",Population-weighted average IMD rank using total population mid-2015 excluding prisoners,15754.8,20.6,15572.1,14789.5,94162,58,3,5.2,7,12.1,58.8
imd2019_need,IMD 2019 population-weighted relative need index,E07000038,North East Derbyshire,46.1,0-100 relative index,2019,"English Indices of Deprivation 2019 File 7: ranks, deciles, scores and population denominators",https://assets.publishing.service.gov.uk/media/5dc407b440f0b6379a7acc8d/File_7_-_All_IoD2019_Scores__Ranks__Deciles_and_Population_Denominators_3.csv,lad_2019,properties.lad19cd,social_need,higher_is_higher_need,"Higher index values mean stronger relative deprivation within the selected geography level. The index is derived from the population-weighted average IMD rank of LSOAs in each 2019 local authority; 100 is the highest relative need in the current map, not an absolute deprivation score.",Population-weighted average IMD rank using total population mid-2015 excluding prisoners,18733.9,17.4,18964.0,19667.0,99661,63,3,4.8,6,9.5,46.1
imd2019_need,IMD 2019 population-weighted relative need index,E06000012,North East Lincolnshire,71.9,0-100 relative index,2019,"English Indices of Deprivation 2019 File 7: ranks, deciles, scores and population denominators",https://assets.publishing.service.gov.uk/media/5dc407b440f0b6379a7acc8d/File_7_-_All_IoD2019_Scores__Ranks__Deciles_and_Population_Denominators_3.csv,lad_2019,properties.lad19cd,social_need,higher_is_higher_need,"Higher index values mean stronger relative deprivation within the selected geography level. The index is derived from the population-weighted average IMD rank of LSOAs in each 2019 local authority; 100 is the highest relative need in the current map, not an absolute deprivation score.",Population-weighted average IMD rank using total population mid-2015 excluding prisoners,12667.7,31.3,12239.7,9713.0,159971,106,32,30.2,40,37.7,71.9
imd2019_need,IMD 2019 population-weighted relative need index,E07000099,North Hertfordshire,26.2,0-100 relative index,2019,"English Indices of Deprivation 2019 File 7: ranks, deciles, scores and population denominators",https://assets.publishing.service.gov.uk/media/5dc407b440f0b6379a7acc8d/File_7_-_All_IoD2019_Scores__Ranks__Deciles_and_Population_Denominators_3.csv,lad_2019,properties.lad19cd,social_need,higher_is_higher_need,"Higher index values mean stronger relative deprivation within the selected geography level. The index is derived from the population-weighted average IMD rank of LSOAs in each 2019 local authority; 100 is the highest relative need in the current map, not an absolute deprivation score.",Population-weighted average IMD rank using total population mid-2015 excluding prisoners,23414.2,11.6,23234.1,24555.0,131611,82,0,0.0,2,2.4,26.2
imd2019_need,IMD 2019 population-weighted relative need index,E07000139,North Kesteven,26.3,0-100 relative index,2019,"English Indices of Deprivation 2019 File 7: ranks, deciles, scores and population denominators",https://assets.publishing.service.gov.uk/media/5dc407b440f0b6379a7acc8d/File_7_-_All_IoD2019_Scores__Ranks__Deciles_and_Population_Denominators_3.csv,lad_2019,properties.lad19cd,social_need,higher_is_higher_need,"Higher index values mean stronger relative deprivation within the selected geography level. The index is derived from the population-weighted average IMD rank of LSOAs in each 2019 local authority; 100 is the highest relative need in the current map, not an absolute deprivation score.",Population-weighted average IMD rank using total population mid-2015 excluding prisoners,23381.0,11.6,23256.9,25367.0,112186,64,0,0.0,0,0.0,26.3
imd2019_need,IMD 2019 population-weighted relative need index,E06000013,North Lincolnshire,59.3,0-100 relative index,2019,"English Indices of Deprivation 2019 File 7: ranks, deciles, scores and population denominators",https://assets.publishing.service.gov.uk/media/5dc407b440f0b6379a7acc8d/File_7_-_All_IoD2019_Scores__Ranks__Deciles_and_Population_Denominators_3.csv,lad_2019,properties.lad19cd,social_need,higher_is_higher_need,"Higher index values mean stronger relative deprivation within the selected geography level. The index is derived from the population-weighted average IMD rank of LSOAs in each 2019 local authority; 100 is the highest relative need in the current map, not an absolute deprivation score.",Population-weighted average IMD rank using total population mid-2015 excluding prisoners,15644.6,22.1,15797.3,16116.0,169843,101,11,10.9,20,19.8,59.3
imd2019_need,IMD 2019 population-weighted relative need index,E07000147,North Norfolk,65.6,0-100 relative index,2019,"English Indices of Deprivation 2019 File 7: ranks, deciles, scores and population denominators",https://assets.publishing.service.gov.uk/media/5dc407b440f0b6379a7acc8d/File_7_-_All_IoD2019_Scores__Ranks__Deciles_and_Population_Denominators_3.csv,lad_2019,properties.lad19cd,social_need,higher_is_higher_need,"Higher index values mean stronger relative deprivation within the selected geography level. The index is derived from the population-weighted average IMD rank of LSOAs in each 2019 local authority; 100 is the highest relative need in the current map, not an absolute deprivation score.",Population-weighted average IMD rank using total population mid-2015 excluding prisoners,14163.4,21.1,14165.0,13678.5,102678,62,0,0.0,2,3.2,65.6
imd2019_need,IMD 2019 population-weighted relative need index,E06000024,North Somerset,36.3,0-100 relative index,2019,"English Indices of Deprivation 2019 File 7: ranks, deciles, scores and population denominators",https://assets.publishing.service.gov.uk/media/5dc407b440f0b6379a7acc8d/File_7_-_All_IoD2019_Scores__Ranks__Deciles_and_Population_Denominators_3.csv,lad_2019,properties.lad19cd,social_need,higher_is_higher_need,"Higher index values mean stronger relative deprivation within the selected geography level. The index is derived from the population-weighted average IMD rank of LSOAs in each 2019 local authority; 100 is the highest relative need in the current map, not an absolute deprivation score.",Population-weighted average IMD rank using total population mid-2015 excluding prisoners,21033.4,15.8,20995.2,22806.0,209941,135,8,5.9,14,10.4,36.3
imd2019_need,IMD 2019 population-weighted relative need index,E08000022,North Tyneside,57.7,0-100 relative index,2019,"English Indices of Deprivation 2019 File 7: ranks, deciles, scores and population denominators",https://assets.publishing.service.gov.uk/media/5dc407b440f0b6379a7acc8d/File_7_-_All_IoD2019_Scores__Ranks__Deciles_and_Population_Denominators_3.csv,lad_2019,properties.lad19cd,social_need,higher_is_higher_need,"Higher index values mean stronger relative deprivation within the selected geography level. The index is derived from the population-weighted average IMD rank of LSOAs in each 2019 local authority; 100 is the highest relative need in the current map, not an absolute deprivation score.",Population-weighted average IMD rank using total population mid-2015 excluding prisoners,16019.9,22.3,16157.8,13924.0,202725,131,12,9.2,27,20.6,57.7
imd2019_need,IMD 2019 population-weighted relative need index,E07000218,North Warwickshire,51.5,0-100 relative index,2019,"English Indices of Deprivation 2019 File 7: ranks, deciles, scores and population denominators",https://assets.publishing.service.gov.uk/media/5dc407b440f0b6379a7acc8d/File_7_-_All_IoD2019_Scores__Ranks__Deciles_and_Population_Denominators_3.csv,lad_2019,properties.lad19cd,social_need,higher_is_higher_need,"Higher index values mean stronger relative deprivation within the selected geography level. The index is derived from the population-weighted average IMD rank of LSOAs in each 2019 local authority; 100 is the highest relative need in the current map, not an absolute deprivation score.",Population-weighted average IMD rank using total population mid-2015 excluding prisoners,17470.1,17.9,17442.8,18417.0,62765,38,1,2.6,2,5.3,51.5
imd2019_need,IMD 2019 population-weighted relative need index,E07000134,North West Leicestershire,37.7,0-100 relative index,2019,"English Indices of Deprivation 2019 File 7: ranks, deciles, scores and population denominators",https://assets.publishing.service.gov.uk/media/5dc407b440f0b6379a7acc8d/File_7_-_All_IoD2019_Scores__Ranks__Deciles_and_Population_Denominators_3.csv,lad_2019,properties.lad19cd,social_need,higher_is_higher_need,"Higher index values mean stronger relative deprivation within the selected geography level. The index is derived from the population-weighted average IMD rank of LSOAs in each 2019 local authority; 100 is the highest relative need in the current map, not an absolute deprivation score.",Population-weighted average IMD rank using total population mid-2015 excluding prisoners,20700.0,14.6,20548.3,21258.0,97098,58,2,3.4,2,3.4,37.7
imd2019_need,IMD 2019 population-weighted relative need index,E07000154,Northampton,63.0,0-100 relative index,2019,"English Indices of Deprivation 2019 File 7: ranks, deciles, scores and population denominators",https://assets.publishing.service.gov.uk/media/5dc407b440f0b6379a7acc8d/File_7_-_All_IoD2019_Scores__Ranks__Deciles_and_Population_Denominators_3.csv,lad_2019,properties.lad19cd,social_need,higher_is_higher_need,"Higher index values mean stronger relative deprivation within the selected geography level. The index is derived from the population-weighted average IMD rank of LSOAs in each 2019 local authority; 100 is the highest relative need in the current map, not an absolute deprivation score.",Population-weighted average IMD rank using total population mid-2015 excluding prisoners,14759.4,23.4,14906.2,13954.0,221503,133,12,9.0,31,23.3,63.0
imd2019_need,IMD 2019 population-weighted relative need index,E06000057,Northumberland,57.5,0-100 relative index,2019,"English Indices of Deprivation 2019 File 7: ranks, deciles, scores and population denominators",https://assets.publishing.service.gov.uk/media/5dc407b440f0b6379a7acc8d/File_7_-_All_IoD2019_Scores__Ranks__Deciles_and_Population_Denominators_3.csv,lad_2019,properties.lad19cd,social_need,higher_is_higher_need,"Higher index values mean stronger relative deprivation within the selected geography level. The index is derived from the population-weighted average IMD rank of LSOAs in each 2019 local authority; 100 is the highest relative need in the current map, not an absolute deprivation score.",Population-weighted average IMD rank using total population mid-2015 excluding prisoners,16066.7,22.1,16157.8,15887.0,315253,197,23,11.7,40,20.3,57.5
imd2019_need,IMD 2019 population-weighted relative need index,E07000148,Norwich,72.8,0-100 relative index,2019,"English Indices of Deprivation 2019 File 7: ranks, deciles, scores and population denominators",https://assets.publishing.service.gov.uk/media/5dc407b440f0b6379a7acc8d/File_7_-_All_IoD2019_Scores__Ranks__Deciles_and_Population_Denominators_3.csv,lad_2019,properties.lad19cd,social_need,higher_is_higher_need,"Higher index values mean stronger relative deprivation within the selected geography level. The index is derived from the population-weighted average IMD rank of LSOAs in each 2019 local authority; 100 is the highest relative need in the current map, not an absolute deprivation score.",Population-weighted average IMD rank using total population mid-2015 excluding prisoners,12470.2,27.6,12152.5,9884.0,137711,83,17,20.5,33,39.8,72.8
imd2019_need,IMD 2019 population-weighted relative need index,E06000018,Nottingham,90.2,0-100 relative index,2019,"English Indices of Deprivation 2019 File 7: ranks, deciles, scores and population denominators",https://assets.publishing.service.gov.uk/media/5dc407b440f0b6379a7acc8d/File_7_-_All_IoD2019_Scores__Ranks__Deciles_and_Population_Denominators_3.csv,lad_2019,properties.lad19cd,social_need,higher_is_higher_need,"Higher index values mean stronger relative deprivation within the selected geography level. The index is derived from the population-weighted average IMD rank of LSOAs in each 2019 local authority; 100 is the highest relative need in the current map, not an absolute deprivation score.",Population-weighted average IMD rank using total population mid-2015 excluding prisoners,8386.5,34.9,8024.0,5179.0,318582,182,56,30.8,104,57.1,90.2
imd2019_need,IMD 2019 population-weighted relative need index,E07000219,Nuneaton and Bedworth,64.7,0-100 relative index,2019,"English Indices of Deprivation 2019 File 7: ranks, deciles, scores and population denominators",https://assets.publishing.service.gov.uk/media/5dc407b440f0b6379a7acc8d/File_7_-_All_IoD2019_Scores__Ranks__Deciles_and_Population_Denominators_3.csv,lad_2019,properties.lad19cd,social_need,higher_is_higher_need,"Higher index values mean stronger relative deprivation within the selected geography level. The index is derived from the population-weighted average IMD rank of LSOAs in each 2019 local authority; 100 is the highest relative need in the current map, not an absolute deprivation score.",Population-weighted average IMD rank using total population mid-2015 excluding prisoners,14365.6,23.5,14828.9,12466.0,126603,81,5,6.2,17,21.0,64.7
imd2019_need,IMD 2019 population-weighted relative need index,E07000135,Oadby and Wigston,30.3,0-100 relative index,2019,"English Indices of Deprivation 2019 File 7: ranks, deciles, scores and population denominators",https://assets.publishing.service.gov.uk/media/5dc407b440f0b6379a7acc8d/File_7_-_All_IoD2019_Scores__Ranks__Deciles_and_Population_Denominators_3.csv,lad_2019,properties.lad19cd,social_need,higher_is_higher_need,"Higher index values mean stronger relative deprivation within the selected geography level. The index is derived from the population-weighted average IMD rank of LSOAs in each 2019 local authority; 100 is the highest relative need in the current map, not an absolute deprivation score.",Population-weighted average IMD rank using total population mid-2015 excluding prisoners,22442.6,13.0,22231.9,24689.5,55984,36,0,0.0,0,0.0,30.3
imd2019_need,IMD 2019 population-weighted relative need index,E08000004,Oldham,81.7,0-100 relative index,2019,"English Indices of Deprivation 2019 File 7: ranks, deciles, scores and population denominators",https://assets.publishing.service.gov.uk/media/5dc407b440f0b6379a7acc8d/File_7_-_All_IoD2019_Scores__Ranks__Deciles_and_Population_Denominators_3.csv,lad_2019,properties.lad19cd,social_need,higher_is_higher_need,"Higher index values mean stronger relative deprivation within the selected geography level. The index is derived from the population-weighted average IMD rank of LSOAs in each 2019 local authority; 100 is the highest relative need in the current map, not an absolute deprivation score.",Population-weighted average IMD rank using total population mid-2015 excluding prisoners,10384.9,33.2,10891.1,7799.0,230197,141,43,30.5,65,46.1,81.7
imd2019_need,IMD 2019 population-weighted relative need index,E07000178,Oxford,44.1,0-100 relative index,2019,"English Indices of Deprivation 2019 File 7: ranks, deciles, scores and population denominators",https://assets.publishing.service.gov.uk/media/5dc407b440f0b6379a7acc8d/File_7_-_All_IoD2019_Scores__Ranks__Deciles_and_Population_Denominators_3.csv,lad_2019,properties.lad19cd,social_need,higher_is_higher_need,"Higher index values mean stronger relative deprivation within the selected geography level. The index is derived from the population-weighted average IMD rank of LSOAs in each 2019 local authority; 100 is the highest relative need in the current map, not an absolute deprivation score.",Population-weighted average IMD rank using total population mid-2015 excluding prisoners,19210.2,16.7,18989.9,19224.0,154716,83,1,1.2,10,12.0,44.1
imd2019_need,IMD 2019 population-weighted relative need index,E07000122,Pendle,79.4,0-100 relative index,2019,"English Indices of Deprivation 2019 File 7: ranks, deciles, scores and population denominators",https://assets.publishing.service.gov.uk/media/5dc407b440f0b6379a7acc8d/File_7_-_All_IoD2019_Scores__Ranks__Deciles_and_Population_Denominators_3.csv,lad_2019,properties.lad19cd,social_need,higher_is_higher_need,"Higher index values mean stronger relative deprivation within the selected geography level. The index is derived from the population-weighted average IMD rank of LSOAs in each 2019 local authority; 100 is the highest relative need in the current map, not an absolute deprivation score.",Population-weighted average IMD rank using total population mid-2015 excluding prisoners,10910.8,30.7,11109.3,9754.0,89925,57,18,31.6,22,38.6,79.4
imd2019_need,IMD 2019 population-weighted relative need index,E06000031,Peterborough,74.8,0-100 relative index,2019,"English Indices of Deprivation 2019 File 7: ranks, deciles, scores and population denominators",https://assets.publishing.service.gov.uk/media/5dc407b440f0b6379a7acc8d/File_7_-_All_IoD2019_Scores__Ranks__Deciles_and_Population_Denominators_3.csv,lad_2019,properties.lad19cd,social_need,higher_is_higher_need,"Higher index values mean stronger relative deprivation within the selected geography level. The index is derived from the population-weighted average IMD rank of LSOAs in each 2019 local authority; 100 is the highest relative need in the current map, not an absolute deprivation score.",Population-weighted average IMD rank using total population mid-2015 excluding prisoners,11986.1,27.8,12215.7,10154.0,192903,112,16,14.3,46,41.1,74.8
imd2019_need,IMD 2019 population-weighted relative need index,E06000026,Plymouth,70.6,0-100 relative index,2019,"English Indices of Deprivation 2019 File 7: ranks, deciles, scores and population denominators",https://assets.publishing.service.gov.uk/media/5dc407b440f0b6379a7acc8d/File_7_-_All_IoD2019_Scores__Ranks__Deciles_and_Population_Denominators_3.csv,lad_2019,properties.lad19cd,social_need,higher_is_higher_need,"Higher index values mean stronger relative deprivation within the selected geography level. The index is derived from the population-weighted average IMD rank of LSOAs in each 2019 local authority; 100 is the highest relative need in the current map, not an absolute deprivation score.",Population-weighted average IMD rank using total population mid-2015 excluding prisoners,12985.4,26.6,13140.8,11823.0,261386,161,28,17.4,47,29.2,70.6
imd2019_need,IMD 2019 population-weighted relative need index,E06000044,Portsmouth,74.0,0-100 relative index,2019,"English Indices of Deprivation 2019 File 7: ranks, deciles, scores and population denominators",https://assets.publishing.service.gov.uk/media/5dc407b440f0b6379a7acc8d/File_7_-_All_IoD2019_Scores__Ranks__Deciles_and_Population_Denominators_3.csv,lad_2019,properties.lad19cd,social_need,higher_is_higher_need,"Higher index values mean stronger relative deprivation within the selected geography level. The index is derived from the population-weighted average IMD rank of LSOAs in each 2019 local authority; 100 is the highest relative need in the current map, not an absolute deprivation score.",Population-weighted average IMD rank using total population mid-2015 excluding prisoners,12184.3,26.9,12280.7,11994.0,210538,125,15,12.0,30,24.0,74.0
imd2019_need,IMD 2019 population-weighted relative need index,E07000123,Preston,76.2,0-100 relative index,2019,"English Indices of Deprivation 2019 File 7: ranks, deciles, scores and population denominators",https://assets.publishing.service.gov.uk/media/5dc407b440f0b6379a7acc8d/File_7_-_All_IoD2019_Scores__Ranks__Deciles_and_Population_Denominators_3.csv,lad_2019,properties.lad19cd,social_need,higher_is_higher_need,"Higher index values mean stronger relative deprivation within the selected geography level. The index is derived from the population-weighted average IMD rank of LSOAs in each 2019 local authority; 100 is the highest relative need in the current map, not an absolute deprivation score.",Population-weighted average IMD rank using total population mid-2015 excluding prisoners,11659.5,29.5,11962.4,8124.0,140431,86,16,18.6,37,43.0,76.2
imd2019_need,IMD 2019 population-weighted relative need index,E06000038,Reading,54.7,0-100 relative index,2019,"English Indices of Deprivation 2019 File 7: ranks, deciles, scores and population denominators",https://assets.publishing.service.gov.uk/media/5dc407b440f0b6379a7acc8d/File_7_-_All_IoD2019_Scores__Ranks__Deciles_and_Population_Denominators_3.csv,lad_2019,properties.lad19cd,social_need,higher_is_higher_need,"Higher index values mean stronger relative deprivation within the selected geography level. The index is derived from the population-weighted average IMD rank of LSOAs in each 2019 local authority; 100 is the highest relative need in the current map, not an absolute deprivation score.",Population-weighted average IMD rank using total population mid-2015 excluding prisoners,16719.3,19.6,16551.4,15379.0,161701,97,5,5.2,10,10.3,54.7
imd2019_need,IMD 2019 population-weighted relative need index,E09000026,Redbridge,50.2,0-100 relative index,2019,"English Indices of Deprivation 2019 File 7: ranks, deciles, scores and population denominators",https://assets.publishing.service.gov.uk/media/5dc407b440f0b6379a7acc8d/File_7_-_All_IoD2019_Scores__Ranks__Deciles_and_Population_Denominators_3.csv,lad_2019,properties.lad19cd,social_need,higher_is_higher_need,"Higher index values mean stronger relative deprivation within the selected geography level. The index is derived from the population-weighted average IMD rank of LSOAs in each 2019 local authority; 100 is the highest relative need in the current map, not an absolute deprivation score.",Population-weighted average IMD rank using total population mid-2015 excluding prisoners,17762.4,17.2,18068.7,17735.0,297928,161,0,0.0,5,3.1,50.2
imd2019_need,IMD 2019 population-weighted relative need index,E06000003,Redcar and Cleveland,72.7,0-100 relative index,2019,"English Indices of Deprivation 2019 File 7: ranks, deciles, scores and population denominators",https://assets.publishing.service.gov.uk/media/5dc407b440f0b6379a7acc8d/File_7_-_All_IoD2019_Scores__Ranks__Deciles_and_Population_Denominators_3.csv,lad_2019,properties.lad19cd,social_need,higher_is_higher_need,"Higher index values mean stronger relative deprivation within the selected geography level. The index is derived from the population-weighted average IMD rank of LSOAs in each 2019 local authority; 100 is the highest relative need in the current map, not an absolute deprivation score.",Population-weighted average IMD rank using total population mid-2015 excluding prisoners,12496.6,29.8,12471.0,11973.0,135324,88,21,23.9,31,35.2,72.7
imd2019_need,IMD 2019 population-weighted relative need index,E07000236,Redditch,59.9,0-100 relative index,2019,"English Indices of Deprivation 2019 File 7: ranks, deciles, scores and population denominators",https://assets.publishing.service.gov.uk/media/5dc407b440f0b6379a7acc8d/File_7_-_All_IoD2019_Scores__Ranks__Deciles_and_Population_Denominators_3.csv,lad_2019,properties.lad19cd,social_need,higher_is_higher_need,"Higher index values mean stronger relative deprivation within the selected geography level. The index is derived from the population-weighted average IMD rank of LSOAs in each 2019 local authority; 100 is the highest relative need in the current map, not an absolute deprivation score.",Population-weighted average IMD rank using total population mid-2015 excluding prisoners,15501.7,22.5,15635.4,14814.0,84821,55,5,9.1,14,25.5,59.9
imd2019_need,IMD 2019 population-weighted relative need index,E07000211,Reigate and Banstead,24.6,0-100 relative index,2019,"English Indices of Deprivation 2019 File 7: ranks, deciles, scores and population denominators",https://assets.publishing.service.gov.uk/media/5dc407b440f0b6379a7acc8d/File_7_-_All_IoD2019_Scores__Ranks__Deciles_and_Population_Denominators_3.csv,lad_2019,properties.lad19cd,social_need,higher_is_higher_need,"Higher index values mean stronger relative deprivation within the selected geography level. The index is derived from the population-weighted average IMD rank of LSOAs in each 2019 local authority; 100 is the highest relative need in the current map, not an absolute deprivation score.",Population-weighted average IMD rank using total population mid-2015 excluding prisoners,23779.8,11.3,23707.0,25682.0,143187,86,0,0.0,1,1.2,24.6
imd2019_need,IMD 2019 population-weighted relative need index,E07000124,Ribble Valley,23.1,0-100 relative index,2019,"English Indices of Deprivation 2019 File 7: ranks, deciles, scores and population denominators",https://assets.publishing.service.gov.uk/media/5dc407b440f0b6379a7acc8d/File_7_-_All_IoD2019_Scores__Ranks__Deciles_and_Population_Denominators_3.csv,lad_2019,properties.lad19cd,social_need,higher_is_higher_need,"Higher index values mean stronger relative deprivation within the selected geography level. The index is derived from the population-weighted average IMD rank of LSOAs in each 2019 local authority; 100 is the highest relative need in the current map, not an absolute deprivation score.",Population-weighted average IMD rank using total population mid-2015 excluding prisoners,24143.9,10.6,24478.2,26132.5,58519,40,0,0.0,0,0.0,23.1
imd2019_need,IMD 2019 population-weighted relative need index,E09000027,Richmond upon Thames,16.5,0-100 relative index,2019,"English Indices of Deprivation 2019 File 7: ranks, deciles, scores and population denominators",https://assets.publishing.service.gov.uk/media/5dc407b440f0b6379a7acc8d/File_7_-_All_IoD2019_Scores__Ranks__Deciles_and_Population_Denominators_3.csv,lad_2019,properties.lad19cd,social_need,higher_is_higher_need,"Higher index values mean stronger relative deprivation within the selected geography level. The index is derived from the population-weighted average IMD rank of LSOAs in each 2019 local authority; 100 is the highest relative need in the current map, not an absolute deprivation score.",Population-weighted average IMD rank using total population mid-2015 excluding prisoners,25685.8,9.4,25694.5,27732.0,194124,115,0,0.0,1,0.9,16.5
imd2019_need,IMD 2019 population-weighted relative need index,E07000166,Richmondshire,30.1,0-100 relative index,2019,"English Indices of Deprivation 2019 File 7: ranks, deciles, scores and population denominators",https://assets.publishing.service.gov.uk/media/5dc407b440f0b6379a7acc8d/File_7_-_All_IoD2019_Scores__Ranks__Deciles_and_Population_Denominators_3.csv,lad_2019,properties.lad19cd,social_need,higher_is_higher_need,"Higher index values mean stronger relative deprivation within the selected geography level. The index is derived from the population-weighted average IMD rank of LSOAs in each 2019 local authority; 100 is the highest relative need in the current map, not an absolute deprivation score.",Population-weighted average IMD rank using total population mid-2015 excluding prisoners,22483.3,12.1,22248.5,22204.0,52565,34,0,0.0,0,0.0,30.1
imd2019_need,IMD 2019 population-weighted relative need index,E08000005,Rochdale,85.7,0-100 relative index,2019,"English Indices of Deprivation 2019 File 7: ranks, deciles, scores and population denominators",https://assets.publishing.service.gov.uk/media/5dc407b440f0b6379a7acc8d/File_7_-_All_IoD2019_Scores__Ranks__Deciles_and_Population_Denominators_3.csv,lad_2019,properties.lad19cd,social_need,higher_is_higher_need,"Higher index values mean stronger relative deprivation within the selected geography level. The index is derived from the population-weighted average IMD rank of LSOAs in each 2019 local authority; 100 is the highest relative need in the current map, not an absolute deprivation score.",Population-weighted average IMD rank using total population mid-2015 excluding prisoners,9430.8,34.4,9892.1,7698.5,213900,134,40,29.9,59,44.0,85.7
imd2019_need,IMD 2019 population-weighted relative need index,E07000075,Rochford,20.6,0-100 relative index,2019,"English Indices of Deprivation 2019 File 7: ranks, deciles, scores and population denominators",https://assets.publishing.service.gov.uk/media/5dc407b440f0b6379a7acc8d/File_7_-_All_IoD2019_Scores__Ranks__Deciles_and_Population_Denominators_3.csv,lad_2019,properties.lad19cd,social_need,higher_is_higher_need,"Higher index values mean stronger relative deprivation within the selected geography level. The index is derived from the population-weighted average IMD rank of LSOAs in each 2019 local authority; 100 is the highest relative need in the current map, not an absolute deprivation score.",Population-weighted average IMD rank using total population mid-2015 excluding prisoners,24723.2,10.4,24637.7,26973.0,85192,53,0,0.0,1,1.9,20.6
imd2019_need,IMD 2019 population-weighted relative need index,E07000125,Rossendale,66.7,0-100 relative index,2019,"English Indices of Deprivation 2019 File 7: ranks, deciles, scores and population denominators",https://assets.publishing.service.gov.uk/media/5dc407b440f0b6379a7acc8d/File_7_-_All_IoD2019_Scores__Ranks__Deciles_and_Population_Denominators_3.csv,lad_2019,properties.lad19cd,social_need,higher_is_higher_need,"Higher index values mean stronger relative deprivation within the selected geography level. The index is derived from the population-weighted average IMD rank of LSOAs in each 2019 local authority; 100 is the highest relative need in the current map, not an absolute deprivation score.",Population-weighted average IMD rank using total population mid-2015 excluding prisoners,13908.9,24.1,13357.0,10790.0,69418,43,6,14.0,10,23.3,66.7
imd2019_need,IMD 2019 population-weighted relative need index,E07000064,Rother,56.6,0-100 relative index,2019,"English Indices of Deprivation 2019 File 7: ranks, deciles, scores and population denominators",https://assets.publishing.service.gov.uk/media/5dc407b440f0b6379a7acc8d/File_7_-_All_IoD2019_Scores__Ranks__Deciles_and_Population_Denominators_3.csv,lad_2019,properties.lad19cd,social_need,higher_is_higher_need,"Higher index values mean stronger relative deprivation within the selected geography level. The index is derived from the population-weighted average IMD rank of LSOAs in each 2019 local authority; 100 is the highest relative need in the current map, not an absolute deprivation score.",Population-weighted average IMD rank using total population mid-2015 excluding prisoners,16278.8,19.8,16276.8,15560.5,93192,58,2,3.4,6,10.3,56.6
imd2019_need,IMD 2019 population-weighted relative need index,E08000018,Rotherham,75.6,0-100 relative index,2019,"English Indices of Deprivation 2019 File 7: ranks, deciles, scores and population denominators",https://assets.publishing.service.gov.uk/media/5dc407b440f0b6379a7acc8d/File_7_-_All_IoD2019_Scores__Ranks__Deciles_and_Population_Denominators_3.csv,lad_2019,properties.lad19cd,social_need,higher_is_higher_need,"Higher index values mean stronger relative deprivation within the selected geography level. The index is derived from the population-weighted average IMD rank of LSOAs in each 2019 local authority; 100 is the highest relative need in the current map, not an absolute deprivation score.",Population-weighted average IMD rank using total population mid-2015 excluding prisoners,11814.2,29.6,11857.9,10344.0,260929,167,36,21.6,59,35.3,75.6
imd2019_need,IMD 2019 population-weighted relative need index,E07000220,Rugby,36.3,0-100 relative index,2019,"English Indices of Deprivation 2019 File 7: ranks, deciles, scores and population denominators",https://assets.publishing.service.gov.uk/media/5dc407b440f0b6379a7acc8d/File_7_-_All_IoD2019_Scores__Ranks__Deciles_and_Population_Denominators_3.csv,lad_2019,properties.lad19cd,social_need,higher_is_higher_need,"Higher index values mean stronger relative deprivation within the selected geography level. The index is derived from the population-weighted average IMD rank of LSOAs in each 2019 local authority; 100 is the highest relative need in the current map, not an absolute deprivation score.",Population-weighted average IMD rank using total population mid-2015 excluding prisoners,21043.7,14.1,21276.1,21900.0,104455,61,0,0.0,2,3.3,36.3
imd2019_need,IMD 2019 population-weighted relative need index,E07000212,Runnymede,28.8,0-100 relative index,2019,"English Indices of Deprivation 2019 File 7: ranks, deciles, scores and population denominators",https://assets.publishing.service.gov.uk/media/5dc407b440f0b6379a7acc8d/File_7_-_All_IoD2019_Scores__Ranks__Deciles_and_Population_Denominators_3.csv,lad_2019,properties.lad19cd,social_need,higher_is_higher_need,"Higher index values mean stronger relative deprivation within the selected geography level. The index is derived from the population-weighted average IMD rank of LSOAs in each 2019 local authority; 100 is the highest relative need in the current map, not an absolute deprivation score.",Population-weighted average IMD rank using total population mid-2015 excluding prisoners,22788.6,12.0,22526.5,23339.0,84992,52,0,0.0,0,0.0,28.8
imd2019_need,IMD 2019 population-weighted relative need index,E07000176,Rushcliffe,7.7,0-100 relative index,2019,"English Indices of Deprivation 2019 File 7: ranks, deciles, scores and population denominators",https://assets.publishing.service.gov.uk/media/5dc407b440f0b6379a7acc8d/File_7_-_All_IoD2019_Scores__Ranks__Deciles_and_Population_Denominators_3.csv,lad_2019,properties.lad19cd,social_need,higher_is_higher_need,"Higher index values mean stronger relative deprivation within the selected geography level. The index is derived from the population-weighted average IMD rank of LSOAs in each 2019 local authority; 100 is the highest relative need in the current map, not an absolute deprivation score.",Population-weighted average IMD rank using total population mid-2015 excluding prisoners,27755.3,7.2,27645.0,29536.5,113712,68,0,0.0,0,0.0,7.7
imd2019_need,IMD 2019 population-weighted relative need index,E07000092,Rushmoor,42.4,0-100 relative index,2019,"English Indices of Deprivation 2019 File 7: ranks, deciles, scores and population denominators",https://assets.publishing.service.gov.uk/media/5dc407b440f0b6379a7acc8d/File_7_-_All_IoD2019_Scores__Ranks__Deciles_and_Population_Denominators_3.csv,lad_2019,properties.lad19cd,social_need,higher_is_higher_need,"Higher index values mean stronger relative deprivation within the selected geography level. The index is derived from the population-weighted average IMD rank of LSOAs in each 2019 local authority; 100 is the highest relative need in the current map, not an absolute deprivation score.",Population-weighted average IMD rank using total population mid-2015 excluding prisoners,19615.1,15.9,19886.8,20723.0,95166,58,0,0.0,3,5.2,42.4
imd2019_need,IMD 2019 population-weighted relative need index,E06000017,Rutland,12.9,0-100 relative index,2019,"English Indices of Deprivation 2019 File 7: ranks, deciles, scores and population denominators",https://assets.publishing.service.gov.uk/media/5dc407b440f0b6379a7acc8d/File_7_-_All_IoD2019_Scores__Ranks__Deciles_and_Population_Denominators_3.csv,lad_2019,properties.lad19cd,social_need,higher_is_higher_need,"Higher index values mean stronger relative deprivation within the selected geography level. The index is derived from the population-weighted average IMD rank of LSOAs in each 2019 local authority; 100 is the highest relative need in the current map, not an absolute deprivation score.",Population-weighted average IMD rank using total population mid-2015 excluding prisoners,26538.2,8.4,26156.9,27558.0,37746,23,0,0.0,0,0.0,12.9
imd2019_need,IMD 2019 population-weighted relative need index,E07000167,Ryedale,45.6,0-100 relative index,2019,"English Indices of Deprivation 2019 File 7: ranks, deciles, scores and population denominators",https://assets.publishing.service.gov.uk/media/5dc407b440f0b6379a7acc8d/File_7_-_All_IoD2019_Scores__Ranks__Deciles_and_Population_Denominators_3.csv,lad_2019,properties.lad19cd,social_need,higher_is_higher_need,"Higher index values mean stronger relative deprivation within the selected geography level. The index is derived from the population-weighted average IMD rank of LSOAs in each 2019 local authority; 100 is the highest relative need in the current map, not an absolute deprivation score.",Population-weighted average IMD rank using total population mid-2015 excluding prisoners,18863.3,15.7,18839.4,17315.5,53332,30,0,0.0,0,0.0,45.6
imd2019_need,IMD 2019 population-weighted relative need index,E08000006,Salford,85.0,0-100 relative index,2019,"English Indices of Deprivation 2019 File 7: ranks, deciles, scores and population denominators",https://assets.publishing.service.gov.uk/media/5dc407b440f0b6379a7acc8d/File_7_-_All_IoD2019_Scores__Ranks__Deciles_and_Population_Denominators_3.csv,lad_2019,properties.lad19cd,social_need,higher_is_higher_need,"Higher index values mean stronger relative deprivation within the selected geography level. The index is derived from the population-weighted average IMD rank of LSOAs in each 2019 local authority; 100 is the highest relative need in the current map, not an absolute deprivation score.",Population-weighted average IMD rank using total population mid-2015 excluding prisoners,9611.4,34.2,9775.5,7506.5,244530,150,45,30.0,73,48.7,85.0
imd2019_need,IMD 2019 population-weighted relative need index,E08000028,Sandwell,93.7,0-100 relative index,2019,"English Indices of Deprivation 2019 File 7: ranks, deciles, scores and population denominators",https://assets.publishing.service.gov.uk/media/5dc407b440f0b6379a7acc8d/File_7_-_All_IoD2019_Scores__Ranks__Deciles_and_Population_Denominators_3.csv,lad_2019,properties.lad19cd,social_need,higher_is_higher_need,"Higher index values mean stronger relative deprivation within the selected geography level. The index is derived from the population-weighted average IMD rank of LSOAs in each 2019 local authority; 100 is the highest relative need in the current map, not an absolute deprivation score.",Population-weighted average IMD rank using total population mid-2015 excluding prisoners,7568.5,34.9,7633.4,5895.0,319101,186,37,19.9,112,60.2,93.7
imd2019_need,IMD 2019 population-weighted relative need index,E07000168,Scarborough,70.1,0-100 relative index,2019,"English Indices of Deprivation 2019 File 7: ranks, deciles, scores and population denominators",https://assets.publishing.service.gov.uk/media/5dc407b440f0b6379a7acc8d/File_7_-_All_IoD2019_Scores__Ranks__Deciles_and_Population_Denominators_3.csv,lad_2019,properties.lad19cd,social_need,higher_is_higher_need,"Higher index values mean stronger relative deprivation within the selected geography level. The index is derived from the population-weighted average IMD rank of LSOAs in each 2019 local authority; 100 is the highest relative need in the current map, not an absolute deprivation score.",Population-weighted average IMD rank using total population mid-2015 excluding prisoners,13089.3,26.3,13137.3,12826.0,108089,71,9,12.7,20,28.2,70.1
imd2019_need,IMD 2019 population-weighted relative need index,E07000188,Sedgemoor,59.2,0-100 relative index,2019,"English Indices of Deprivation 2019 File 7: ranks, deciles, scores and population denominators",https://assets.publishing.service.gov.uk/media/5dc407b440f0b6379a7acc8d/File_7_-_All_IoD2019_Scores__Ranks__Deciles_and_Population_Denominators_3.csv,lad_2019,properties.lad19cd,social_need,higher_is_higher_need,"Higher index values mean stronger relative deprivation within the selected geography level. The index is derived from the population-weighted average IMD rank of LSOAs in each 2019 local authority; 100 is the highest relative need in the current map, not an absolute deprivation score.",Population-weighted average IMD rank using total population mid-2015 excluding prisoners,15648.4,21.3,15623.0,16074.0,120141,70,4,5.7,13,18.6,59.2
imd2019_need,IMD 2019 population-weighted relative need index,E08000014,Sefton,66.9,0-100 relative index,2019,"English Indices of Deprivation 2019 File 7: ranks, deciles, scores and population denominators",https://assets.publishing.service.gov.uk/media/5dc407b440f0b6379a7acc8d/File_7_-_All_IoD2019_Scores__Ranks__Deciles_and_Population_Denominators_3.csv,lad_2019,properties.lad19cd,social_need,higher_is_higher_need,"Higher index values mean stronger relative deprivation within the selected geography level. The index is derived from the population-weighted average IMD rank of LSOAs in each 2019 local authority; 100 is the highest relative need in the current map, not an absolute deprivation score.",Population-weighted average IMD rank using total population mid-2015 excluding prisoners,13858.3,27.0,13850.7,14354.0,273821,189,38,20.1,59,31.2,66.9
imd2019_need,IMD 2019 population-weighted relative need index,E07000169,Selby,30.1,0-100 relative index,2019,"English Indices of Deprivation 2019 File 7: ranks, deciles, scores and population denominators",https://assets.publishing.service.gov.uk/media/5dc407b440f0b6379a7acc8d/File_7_-_All_IoD2019_Scores__Ranks__Deciles_and_Population_Denominators_3.csv,lad_2019,properties.lad19cd,social_need,higher_is_higher_need,"Higher index values mean stronger relative deprivation within the selected geography level. The index is derived from the population-weighted average IMD rank of LSOAs in each 2019 local authority; 100 is the highest relative need in the current map, not an absolute deprivation score.",Population-weighted average IMD rank using total population mid-2015 excluding prisoners,22489.2,12.7,22550.3,24688.0,86215,50,1,2.0,1,2.0,30.1
imd2019_need,IMD 2019 population-weighted relative need index,E07000111,Sevenoaks,30.0,0-100 relative index,2019,"English Indices of Deprivation 2019 File 7: ranks, deciles, scores and population denominators",https://assets.publishing.service.gov.uk/media/5dc407b440f0b6379a7acc8d/File_7_-_All_IoD2019_Scores__Ranks__Deciles_and_Population_Denominators_3.csv,lad_2019,properties.lad19cd,social_need,higher_is_higher_need,"Higher index values mean stronger relative deprivation within the selected geography level. The index is derived from the population-weighted average IMD rank of LSOAs in each 2019 local authority; 100 is the highest relative need in the current map, not an absolute deprivation score.",Population-weighted average IMD rank using total population mid-2015 excluding prisoners,22519.6,12.4,22377.8,23036.0,118165,74,0,0.0,2,2.7,30.0
imd2019_need,IMD 2019 population-weighted relative need index,E08000019,Sheffield,65.8,0-100 relative index,2019,"English Indices of Deprivation 2019 File 7: ranks, deciles, scores and population denominators",https://assets.publishing.service.gov.uk/media/5dc407b440f0b6379a7acc8d/File_7_-_All_IoD2019_Scores__Ranks__Deciles_and_Population_Denominators_3.csv,lad_2019,properties.lad19cd,social_need,higher_is_higher_need,"Higher index values mean stronger relative deprivation within the selected geography level. The index is derived from the population-weighted average IMD rank of LSOAs in each 2019 local authority; 100 is the highest relative need in the current map, not an absolute deprivation score.",Population-weighted average IMD rank using total population mid-2015 excluding prisoners,14102.3,27.1,14221.7,13917.0,569177,345,82,23.8,118,34.2,65.8
imd2019_need,IMD 2019 population-weighted relative need index,E06000051,Shropshire,49.3,0-100 relative index,2019,"English Indices of Deprivation 2019 File 7: ranks, deciles, scores and population denominators",https://assets.publishing.service.gov.uk/media/5dc407b440f0b6379a7acc8d/File_7_-_All_IoD2019_Scores__Ranks__Deciles_and_Population_Denominators_3.csv,lad_2019,properties.lad19cd,social_need,higher_is_higher_need,"Higher index values mean stronger relative deprivation within the selected geography level. The index is derived from the population-weighted average IMD rank of LSOAs in each 2019 local authority; 100 is the highest relative need in the current map, not an absolute deprivation score.",Population-weighted average IMD rank using total population mid-2015 excluding prisoners,17982.8,17.2,17785.2,16829.0,311567,193,2,1.0,9,4.7,49.3
imd2019_need,IMD 2019 population-weighted relative need index,E06000039,Slough,70.3,0-100 relative index,2019,"English Indices of Deprivation 2019 File 7: ranks, deciles, scores and population denominators",https://assets.publishing.service.gov.uk/media/5dc407b440f0b6379a7acc8d/File_7_-_All_IoD2019_Scores__Ranks__Deciles_and_Population_Denominators_3.csv,lad_2019,properties.lad19cd,social_need,higher_is_higher_need,"Higher index values mean stronger relative deprivation within the selected geography level. The index is derived from the population-weighted average IMD rank of LSOAs in each 2019 local authority; 100 is the highest relative need in the current map, not an absolute deprivation score.",Population-weighted average IMD rank using total population mid-2015 excluding prisoners,13056.7,23.0,13063.6,11970.0,146038,80,0,0.0,7,8.8,70.3
imd2019_need,IMD 2019 population-weighted relative need index,E08000029,Solihull,39.3,0-100 relative index,2019,"English Indices of Deprivation 2019 File 7: ranks, deciles, scores and population denominators",https://assets.publishing.service.gov.uk/media/5dc407b440f0b6379a7acc8d/File_7_-_All_IoD2019_Scores__Ranks__Deciles_and_Population_Denominators_3.csv,lad_2019,properties.lad19cd,social_need,higher_is_higher_need,"Higher index values mean stronger relative deprivation within the selected geography level. The index is derived from the population-weighted average IMD rank of LSOAs in each 2019 local authority; 100 is the highest relative need in the current map, not an absolute deprivation score.",Population-weighted average IMD rank using total population mid-2015 excluding prisoners,20334.7,17.4,20075.8,22471.5,210834,134,16,11.9,22,16.4,39.3
imd2019_need,IMD 2019 population-weighted relative need index,E07000246,Somerset West and Taunton,54.5,0-100 relative index,2019,"English Indices of Deprivation 2019 File 7: ranks, deciles, scores and population denominators",https://assets.publishing.service.gov.uk/media/5dc407b440f0b6379a7acc8d/File_7_-_All_IoD2019_Scores__Ranks__Deciles_and_Population_Denominators_3.csv,lad_2019,properties.lad19cd,social_need,higher_is_higher_need,"Higher index values mean stronger relative deprivation within the selected geography level. The index is derived from the population-weighted average IMD rank of LSOAs in each 2019 local authority; 100 is the highest relative need in the current map, not an absolute deprivation score.",Population-weighted average IMD rank using total population mid-2015 excluding prisoners,16762.0,19.1,16555.7,16227.5,148759,88,3,3.4,8,9.1,54.5
imd2019_need,IMD 2019 population-weighted relative need index,E07000006,South Bucks,18.6,0-100 relative index,2019,"English Indices of Deprivation 2019 File 7: ranks, deciles, scores and population denominators",https://assets.publishing.service.gov.uk/media/5dc407b440f0b6379a7acc8d/File_7_-_All_IoD2019_Scores__Ranks__Deciles_and_Population_Denominators_3.csv,lad_2019,properties.lad19cd,social_need,higher_is_higher_need,"Higher index values mean stronger relative deprivation within the selected geography level. The index is derived from the population-weighted average IMD rank of LSOAs in each 2019 local authority; 100 is the highest relative need in the current map, not an absolute deprivation score.",Population-weighted average IMD rank using total population mid-2015 excluding prisoners,25201.5,9.5,25094.8,25345.0,69307,40,0,0.0,0,0.0,18.6
imd2019_need,IMD 2019 population-weighted relative need index,E07000012,South Cambridgeshire,13.8,0-100 relative index,2019,"English Indices of Deprivation 2019 File 7: ranks, deciles, scores and population denominators",https://assets.publishing.service.gov.uk/media/5dc407b440f0b6379a7acc8d/File_7_-_All_IoD2019_Scores__Ranks__Deciles_and_Population_Denominators_3.csv,lad_2019,properties.lad19cd,social_need,higher_is_higher_need,"Higher index values mean stronger relative deprivation within the selected geography level. The index is derived from the population-weighted average IMD rank of LSOAs in each 2019 local authority; 100 is the highest relative need in the current map, not an absolute deprivation score.",Population-weighted average IMD rank using total population mid-2015 excluding prisoners,26325.0,8.5,26193.9,26928.5,154488,96,0,0.0,0,0.0,13.8
imd2019_need,IMD 2019 population-weighted relative need index,E07000039,South Derbyshire,37.4,0-100 relative index,2019,"English Indices of Deprivation 2019 File 7: ranks, deciles, scores and population denominators",https://assets.publishing.service.gov.uk/media/5dc407b440f0b6379a7acc8d/File_7_-_All_IoD2019_Scores__Ranks__Deciles_and_Population_Denominators_3.csv,lad_2019,properties.lad19cd,social_need,higher_is_higher_need,"Higher index values mean stronger relative deprivation within the selected geography level. The index is derived from the population-weighted average IMD rank of LSOAs in each 2019 local authority; 100 is the highest relative need in the current map, not an absolute deprivation score.",Population-weighted average IMD rank using total population mid-2015 excluding prisoners,20787.9,14.5,20782.1,22448.5,99176,58,0,0.0,3,5.2,37.4
imd2019_need,IMD 2019 population-weighted relative need index,E06000025,South Gloucestershire,26.9,0-100 relative index,2019,"English Indices of Deprivation 2019 File 7: ranks, deciles, scores and population denominators",https://assets.publishing.service.gov.uk/media/5dc407b440f0b6379a7acc8d/File_7_-_All_IoD2019_Scores__Ranks__Deciles_and_Population_Denominators_3.csv,lad_2019,properties.lad19cd,social_need,higher_is_higher_need,"Higher index values mean stronger relative deprivation within the selected geography level. The index is derived from the population-weighted average IMD rank of LSOAs in each 2019 local authority; 100 is the highest relative need in the current map, not an absolute deprivation score.",Population-weighted average IMD rank using total population mid-2015 excluding prisoners,23249.4,11.7,23301.6,24052.0,272940,165,0,0.0,2,1.2,26.9
imd2019_need,IMD 2019 population-weighted relative need index,E07000044,South Hams,37.4,0-100 relative index,2019,"English Indices of Deprivation 2019 File 7: ranks, deciles, scores and population denominators",https://assets.publishing.service.gov.uk/media/5dc407b440f0b6379a7acc8d/File_7_-_All_IoD2019_Scores__Ranks__Deciles_and_Population_Denominators_3.csv,lad_2019,properties.lad19cd,social_need,higher_is_higher_need,"Higher index values mean stronger relative deprivation within the selected geography level. The index is derived from the population-weighted average IMD rank of LSOAs in each 2019 local authority; 100 is the highest relative need in the current map, not an absolute deprivation score.",Population-weighted average IMD rank using total population mid-2015 excluding prisoners,20787.9,13.7,20973.1,19328.0,84886,49,0,0.0,0,0.0,37.4
imd2019_need,IMD 2019 population-weighted relative need index,E07000140,South Holland,53.7,0-100 relative index,2019,"English Indices of Deprivation 2019 File 7: ranks, deciles, scores and population denominators",https://assets.publishing.service.gov.uk/media/5dc407b440f0b6379a7acc8d/File_7_-_All_IoD2019_Scores__Ranks__Deciles_and_Population_Denominators_3.csv,lad_2019,properties.lad19cd,social_need,higher_is_higher_need,"Higher index values mean stronger relative deprivation within the selected geography level. The index is derived from the population-weighted average IMD rank of LSOAs in each 2019 local authority; 100 is the highest relative need in the current map, not an absolute deprivation score.",Population-weighted average IMD rank using total population mid-2015 excluding prisoners,16941.9,17.9,16790.7,16621.0,91245,49,0,0.0,1,2.0,53.7
imd2019_need,IMD 2019 population-weighted relative need index,E07000141,South Kesteven,33.4,0-100 relative index,2019,"English Indices of Deprivation 2019 File 7: ranks, deciles, scores and population denominators",https://assets.publishing.service.gov.uk/media/5dc407b440f0b6379a7acc8d/File_7_-_All_IoD2019_Scores__Ranks__Deciles_and_Population_Denominators_3.csv,lad_2019,properties.lad19cd,social_need,higher_is_higher_need,"Higher index values mean stronger relative deprivation within the selected geography level. The index is derived from the population-weighted average IMD rank of LSOAs in each 2019 local authority; 100 is the highest relative need in the current map, not an absolute deprivation score.",Population-weighted average IMD rank using total population mid-2015 excluding prisoners,21711.8,13.5,21981.6,23011.0,139376,81,1,1.2,3,3.7,33.4
imd2019_need,IMD 2019 population-weighted relative need index,E07000031,South Lakeland,31.9,0-100 relative index,2019,"English Indices of Deprivation 2019 File 7: ranks, deciles, scores and population denominators",https://assets.publishing.service.gov.uk/media/5dc407b440f0b6379a7acc8d/File_7_-_All_IoD2019_Scores__Ranks__Deciles_and_Population_Denominators_3.csv,lad_2019,properties.lad19cd,social_need,higher_is_higher_need,"Higher index values mean stronger relative deprivation within the selected geography level. The index is derived from the population-weighted average IMD rank of LSOAs in each 2019 local authority; 100 is the highest relative need in the current map, not an absolute deprivation score.",Population-weighted average IMD rank using total population mid-2015 excluding prisoners,22062.8,12.5,22327.0,22759.0,103776,59,0,0.0,0,0.0,31.9
imd2019_need,IMD 2019 population-weighted relative need index,E07000149,South Norfolk,35.3,0-100 relative index,2019,"English Indices of Deprivation 2019 File 7: ranks, deciles, scores and population denominators",https://assets.publishing.service.gov.uk/media/5dc407b440f0b6379a7acc8d/File_7_-_All_IoD2019_Scores__Ranks__Deciles_and_Population_Denominators_3.csv,lad_2019,properties.lad19cd,social_need,higher_is_higher_need,"Higher index values mean stronger relative deprivation within the selected geography level. The index is derived from the population-weighted average IMD rank of LSOAs in each 2019 local authority; 100 is the highest relative need in the current map, not an absolute deprivation score.",Population-weighted average IMD rank using total population mid-2015 excluding prisoners,21274.0,13.3,20912.0,21238.0,131199,81,0,0.0,0,0.0,35.3
imd2019_need,IMD 2019 population-weighted relative need index,E07000155,South Northamptonshire,9.5,0-100 relative index,2019,"English Indices of Deprivation 2019 File 7: ranks, deciles, scores and population denominators",https://assets.publishing.service.gov.uk/media/5dc407b440f0b6379a7acc8d/File_7_-_All_IoD2019_Scores__Ranks__Deciles_and_Population_Denominators_3.csv,lad_2019,properties.lad19cd,social_need,higher_is_higher_need,"Higher index values mean stronger relative deprivation within the selected geography level. The index is derived from the population-weighted average IMD rank of LSOAs in each 2019 local authority; 100 is the highest relative need in the current map, not an absolute deprivation score.",Population-weighted average IMD rank using total population mid-2015 excluding prisoners,27326.6,7.7,27280.4,27936.0,89106,51,0,0.0,0,0.0,9.5
imd2019_need,IMD 2019 population-weighted relative need index,E07000179,South Oxfordshire,13.3,0-100 relative index,2019,"English Indices of Deprivation 2019 File 7: ranks, deciles, scores and population denominators",https://assets.publishing.service.gov.uk/media/5dc407b440f0b6379a7acc8d/File_7_-_All_IoD2019_Scores__Ranks__Deciles_and_Population_Denominators_3.csv,lad_2019,properties.lad19cd,social_need,higher_is_higher_need,"Higher index values mean stronger relative deprivation within the selected geography level. The index is derived from the population-weighted average IMD rank of LSOAs in each 2019 local authority; 100 is the highest relative need in the current map, not an absolute deprivation score.",Population-weighted average IMD rank using total population mid-2015 excluding prisoners,26435.1,8.5,26566.4,28203.0,137772,89,0,0.0,0,0.0,13.3
imd2019_need,IMD 2019 population-weighted relative need index,E07000126,South Ribble,38.9,0-100 relative index,2019,"English Indices of Deprivation 2019 File 7: ranks, deciles, scores and population denominators",https://assets.publishing.service.gov.uk/media/5dc407b440f0b6379a7acc8d/File_7_-_All_IoD2019_Scores__Ranks__Deciles_and_Population_Denominators_3.csv,lad_2019,properties.lad19cd,social_need,higher_is_higher_need,"Higher index values mean stronger relative deprivation within the selected geography level. The index is derived from the population-weighted average IMD rank of LSOAs in each 2019 local authority; 100 is the highest relative need in the current map, not an absolute deprivation score.",Population-weighted average IMD rank using total population mid-2015 excluding prisoners,20434.4,15.3,20209.4,21612.5,109685,70,3,4.3,3,4.3,38.9
imd2019_need,IMD 2019 population-weighted relative need index,E07000189,South Somerset,49.9,0-100 relative index,2019,"English Indices of Deprivation 2019 File 7: ranks, deciles, scores and population denominators",https://assets.publishing.service.gov.uk/media/5dc407b440f0b6379a7acc8d/File_7_-_All_IoD2019_Scores__Ranks__Deciles_and_Population_Denominators_3.csv,lad_2019,properties.lad19cd,social_need,higher_is_higher_need,"Higher index values mean stronger relative deprivation within the selected geography level. The index is derived from the population-weighted average IMD rank of LSOAs in each 2019 local authority; 100 is the highest relative need in the current map, not an absolute deprivation score.",Population-weighted average IMD rank using total population mid-2015 excluding prisoners,17846.7,17.3,17802.5,17282.0,165510,103,1,1.0,6,5.8,49.9
imd2019_need,IMD 2019 population-weighted relative need index,E07000196,South Staffordshire,33.4,0-100 relative index,2019,"English Indices of Deprivation 2019 File 7: ranks, deciles, scores and population denominators",https://assets.publishing.service.gov.uk/media/5dc407b440f0b6379a7acc8d/File_7_-_All_IoD2019_Scores__Ranks__Deciles_and_Population_Denominators_3.csv,lad_2019,properties.lad19cd,social_need,higher_is_higher_need,"Higher index values mean stronger relative deprivation within the selected geography level. The index is derived from the population-weighted average IMD rank of LSOAs in each 2019 local authority; 100 is the highest relative need in the current map, not an absolute deprivation score.",Population-weighted average IMD rank using total population mid-2015 excluding prisoners,21725.3,13.1,21663.9,22572.5,108423,68,0,0.0,0,0.0,33.4
imd2019_need,IMD 2019 population-weighted relative need index,E08000023,South Tyneside,82.1,0-100 relative index,2019,"English Indices of Deprivation 2019 File 7: ranks, deciles, scores and population denominators",https://assets.publishing.service.gov.uk/media/5dc407b440f0b6379a7acc8d/File_7_-_All_IoD2019_Scores__Ranks__Deciles_and_Population_Denominators_3.csv,lad_2019,properties.lad19cd,social_need,higher_is_higher_need,"Higher index values mean stronger relative deprivation within the selected geography level. The index is derived from the population-weighted average IMD rank of LSOAs in each 2019 local authority; 100 is the highest relative need in the current map, not an absolute deprivation score.",Population-weighted average IMD rank using total population mid-2015 excluding prisoners,10271.7,31.5,10343.8,7568.5,148495,102,25,24.5,46,45.1,82.1
imd2019_need,IMD 2019 population-weighted relative need index,E06000045,Southampton,74.5,0-100 relative index,2019,"English Indices of Deprivation 2019 File 7: ranks, deciles, scores and population denominators",https://assets.publishing.service.gov.uk/media/5dc407b440f0b6379a7acc8d/File_7_-_All_IoD2019_Scores__Ranks__Deciles_and_Population_Denominators_3.csv,lad_2019,properties.lad19cd,social_need,higher_is_higher_need,"Higher index values mean stronger relative deprivation within the selected geography level. The index is derived from the population-weighted average IMD rank of LSOAs in each 2019 local authority; 100 is the highest relative need in the current map, not an absolute deprivation score.",Population-weighted average IMD rank using total population mid-2015 excluding prisoners,12058.3,26.9,11886.3,10710.0,246054,148,19,12.8,43,29.1,74.5
imd2019_need,IMD 2019 population-weighted relative need index,E06000033,Southend-on-Sea,57.6,0-100 relative index,2019,"English Indices of Deprivation 2019 File 7: ranks, deciles, scores and population denominators",https://assets.publishing.service.gov.uk/media/5dc407b440f0b6379a7acc8d/File_7_-_All_IoD2019_Scores__Ranks__Deciles_and_Population_Denominators_3.csv,lad_2019,properties.lad19cd,social_need,higher_is_higher_need,"Higher index values mean stronger relative deprivation within the selected geography level. The index is derived from the population-weighted average IMD rank of LSOAs in each 2019 local authority; 100 is the highest relative need in the current map, not an absolute deprivation score.",Population-weighted average IMD rank using total population mid-2015 excluding prisoners,16033.1,22.4,16471.8,14923.0,179234,107,9,8.4,23,21.5,57.6
imd2019_need,IMD 2019 population-weighted relative need index,E09000028,Southwark,76.5,0-100 relative index,2019,"English Indices of Deprivation 2019 File 7: ranks, deciles, scores and population denominators",https://assets.publishing.service.gov.uk/media/5dc407b440f0b6379a7acc8d/File_7_-_All_IoD2019_Scores__Ranks__Deciles_and_Population_Denominators_3.csv,lad_2019,properties.lad19cd,social_need,higher_is_higher_need,"Higher index values mean stronger relative deprivation within the selected geography level. The index is derived from the population-weighted average IMD rank of LSOAs in each 2019 local authority; 100 is the highest relative need in the current map, not an absolute deprivation score.",Population-weighted average IMD rank using total population mid-2015 excluding prisoners,11597.6,25.8,11546.5,9405.0,308434,166,5,3.0,38,22.9,76.5
imd2019_need,IMD 2019 population-weighted relative need index,E07000213,Spelthorne,40.9,0-100 relative index,2019,"English Indices of Deprivation 2019 File 7: ranks, deciles, scores and population denominators",https://assets.publishing.service.gov.uk/media/5dc407b440f0b6379a7acc8d/File_7_-_All_IoD2019_Scores__Ranks__Deciles_and_Population_Denominators_3.csv,lad_2019,properties.lad19cd,social_need,higher_is_higher_need,"Higher index values mean stronger relative deprivation within the selected geography level. The index is derived from the population-weighted average IMD rank of LSOAs in each 2019 local authority; 100 is the highest relative need in the current map, not an absolute deprivation score.",Population-weighted average IMD rank using total population mid-2015 excluding prisoners,19948.7,14.9,20010.1,20382.5,98168,60,0,0.0,0,0.0,40.9
imd2019_need,IMD 2019 population-weighted relative need index,E07000240,St Albans,12.6,0-100 relative index,2019,"English Indices of Deprivation 2019 File 7: ranks, deciles, scores and population denominators",https://assets.publishing.service.gov.uk/media/5dc407b440f0b6379a7acc8d/File_7_-_All_IoD2019_Scores__Ranks__Deciles_and_Population_Denominators_3.csv,lad_2019,properties.lad19cd,social_need,higher_is_higher_need,"Higher index values mean stronger relative deprivation within the selected geography level. The index is derived from the population-weighted average IMD rank of LSOAs in each 2019 local authority; 100 is the highest relative need in the current map, not an absolute deprivation score.",Population-weighted average IMD rank using total population mid-2015 excluding prisoners,26597.2,8.3,26593.2,28912.0,146188,87,0,0.0,0,0.0,12.6
imd2019_need,IMD 2019 population-weighted relative need index,E08000013,St. Helens,78.2,0-100 relative index,2019,"English Indices of Deprivation 2019 File 7: ranks, deciles, scores and population denominators",https://assets.publishing.service.gov.uk/media/5dc407b440f0b6379a7acc8d/File_7_-_All_IoD2019_Scores__Ranks__Deciles_and_Population_Denominators_3.csv,lad_2019,properties.lad19cd,social_need,higher_is_higher_need,"Higher index values mean stronger relative deprivation within the selected geography level. The index is derived from the population-weighted average IMD rank of LSOAs in each 2019 local authority; 100 is the highest relative need in the current map, not an absolute deprivation score.",Population-weighted average IMD rank using total population mid-2015 excluding prisoners,11209.5,31.5,11295.6,9412.0,177592,119,29,24.4,50,42.0,78.2
imd2019_need,IMD 2019 population-weighted relative need index,E07000197,Stafford,33.8,0-100 relative index,2019,"English Indices of Deprivation 2019 File 7: ranks, deciles, scores and population denominators",https://assets.publishing.service.gov.uk/media/5dc407b440f0b6379a7acc8d/File_7_-_All_IoD2019_Scores__Ranks__Deciles_and_Population_Denominators_3.csv,lad_2019,properties.lad19cd,social_need,higher_is_higher_need,"Higher index values mean stronger relative deprivation within the selected geography level. The index is derived from the population-weighted average IMD rank of LSOAs in each 2019 local authority; 100 is the highest relative need in the current map, not an absolute deprivation score.",Population-weighted average IMD rank using total population mid-2015 excluding prisoners,21624.5,13.7,21757.2,23150.5,131253,80,0,0.0,4,5.0,33.8
imd2019_need,IMD 2019 population-weighted relative need index,E07000198,Staffordshire Moorlands,39.6,0-100 relative index,2019,"English Indices of Deprivation 2019 File 7: ranks, deciles, scores and population denominators",https://assets.publishing.service.gov.uk/media/5dc407b440f0b6379a7acc8d/File_7_-_All_IoD2019_Scores__Ranks__Deciles_and_Population_Denominators_3.csv,lad_2019,properties.lad19cd,social_need,higher_is_higher_need,"Higher index values mean stronger relative deprivation within the selected geography level. The index is derived from the population-weighted average IMD rank of LSOAs in each 2019 local authority; 100 is the highest relative need in the current map, not an absolute deprivation score.",Population-weighted average IMD rank using total population mid-2015 excluding prisoners,20254.3,15.0,20127.1,21910.0,97928,59,0,0.0,2,3.4,39.6
imd2019_need,IMD 2019 population-weighted relative need index,E07000243,Stevenage,59.9,0-100 relative index,2019,"English Indices of Deprivation 2019 File 7: ranks, deciles, scores and population denominators",https://assets.publishing.service.gov.uk/media/5dc407b440f0b6379a7acc8d/File_7_-_All_IoD2019_Scores__Ranks__Deciles_and_Population_Denominators_3.csv,lad_2019,properties.lad19cd,social_need,higher_is_higher_need,"Higher index values mean stronger relative deprivation within the selected geography level. The index is derived from the population-weighted average IMD rank of LSOAs in each 2019 local authority; 100 is the highest relative need in the current map, not an absolute deprivation score.",Population-weighted average IMD rank using total population mid-2015 excluding prisoners,15490.3,19.7,15500.1,15393.0,86579,52,0,0.0,2,3.8,59.9
imd2019_need,IMD 2019 population-weighted relative need index,E08000007,Stockport,51.6,0-100 relative index,2019,"English Indices of Deprivation 2019 File 7: ranks, deciles, scores and population denominators",https://assets.publishing.service.gov.uk/media/5dc407b440f0b6379a7acc8d/File_7_-_All_IoD2019_Scores__Ranks__Deciles_and_Population_Denominators_3.csv,lad_2019,properties.lad19cd,social_need,higher_is_higher_need,"Higher index values mean stronger relative deprivation within the selected geography level. The index is derived from the population-weighted average IMD rank of LSOAs in each 2019 local authority; 100 is the highest relative need in the current map, not an absolute deprivation score.",Population-weighted average IMD rank using total population mid-2015 excluding prisoners,17444.3,20.8,17735.8,18869.5,288169,190,17,8.9,31,16.3,51.6
imd2019_need,IMD 2019 population-weighted relative need index,E06000004,Stockton-on-Tees,60.7,0-100 relative index,2019,"English Indices of Deprivation 2019 File 7: ranks, deciles, scores and population denominators",https://assets.publishing.service.gov.uk/media/5dc407b440f0b6379a7acc8d/File_7_-_All_IoD2019_Scores__Ranks__Deciles_and_Population_Denominators_3.csv,lad_2019,properties.lad19cd,social_need,higher_is_higher_need,"Higher index values mean stronger relative deprivation within the selected geography level. The index is derived from the population-weighted average IMD rank of LSOAs in each 2019 local authority; 100 is the highest relative need in the current map, not an absolute deprivation score.",Population-weighted average IMD rank using total population mid-2015 excluding prisoners,15303.3,25.8,15477.2,15861.5,194080,120,25,20.8,35,29.2,60.7
imd2019_need,IMD 2019 population-weighted relative need index,E06000021,Stoke-on-Trent,87.4,0-100 relative index,2019,"English Indices of Deprivation 2019 File 7: ranks, deciles, scores and population denominators",https://assets.publishing.service.gov.uk/media/5dc407b440f0b6379a7acc8d/File_7_-_All_IoD2019_Scores__Ranks__Deciles_and_Population_Denominators_3.csv,lad_2019,properties.lad19cd,social_need,higher_is_higher_need,"Higher index values mean stronger relative deprivation within the selected geography level. The index is derived from the population-weighted average IMD rank of LSOAs in each 2019 local authority; 100 is the highest relative need in the current map, not an absolute deprivation score.",Population-weighted average IMD rank using total population mid-2015 excluding prisoners,9048.0,34.5,9350.4,6066.0,251746,159,51,32.1,82,51.6,87.4
imd2019_need,IMD 2019 population-weighted relative need index,E07000221,Stratford-on-Avon,28.7,0-100 relative index,2019,"English Indices of Deprivation 2019 File 7: ranks, deciles, scores and population denominators",https://assets.publishing.service.gov.uk/media/5dc407b440f0b6379a7acc8d/File_7_-_All_IoD2019_Scores__Ranks__Deciles_and_Population_Denominators_3.csv,lad_2019,properties.lad19cd,social_need,higher_is_higher_need,"Higher index values mean stronger relative deprivation within the selected geography level. The index is derived from the population-weighted average IMD rank of LSOAs in each 2019 local authority; 100 is the highest relative need in the current map, not an absolute deprivation score.",Population-weighted average IMD rank using total population mid-2015 excluding prisoners,22833.2,11.7,22825.0,23159.0,122438,73,0,0.0,0,0.0,28.7
imd2019_need,IMD 2019 population-weighted relative need index,E07000082,Stroud,23.6,0-100 relative index,2019,"English Indices of Deprivation 2019 File 7: ranks, deciles, scores and population denominators",https://assets.publishing.service.gov.uk/media/5dc407b440f0b6379a7acc8d/File_7_-_All_IoD2019_Scores__Ranks__Deciles_and_Population_Denominators_3.csv,lad_2019,properties.lad19cd,social_need,higher_is_higher_need,"Higher index values mean stronger relative deprivation within the selected geography level. The index is derived from the population-weighted average IMD rank of LSOAs in each 2019 local authority; 100 is the highest relative need in the current map, not an absolute deprivation score.",Population-weighted average IMD rank using total population mid-2015 excluding prisoners,24023.0,10.8,24046.5,25145.0,116774,69,0,0.0,0,0.0,23.6
imd2019_need,IMD 2019 population-weighted relative need index,E08000024,Sunderland,79.7,0-100 relative index,2019,"English Indices of Deprivation 2019 File 7: ranks, deciles, scores and population denominators",https://assets.publishing.service.gov.uk/media/5dc407b440f0b6379a7acc8d/File_7_-_All_IoD2019_Scores__Ranks__Deciles_and_Population_Denominators_3.csv,lad_2019,properties.lad19cd,social_need,higher_is_higher_need,"Higher index values mean stronger relative deprivation within the selected geography level. The index is derived from the population-weighted average IMD rank of LSOAs in each 2019 local authority; 100 is the highest relative need in the current map, not an absolute deprivation score.",Population-weighted average IMD rank using total population mid-2015 excluding prisoners,10851.1,30.6,10916.0,8771.0,276813,185,42,22.7,75,40.5,79.7
imd2019_need,IMD 2019 population-weighted relative need index,E07000214,Surrey Heath,11.0,0-100 relative index,2019,"English Indices of Deprivation 2019 File 7: ranks, deciles, scores and population denominators",https://assets.publishing.service.gov.uk/media/5dc407b440f0b6379a7acc8d/File_7_-_All_IoD2019_Scores__Ranks__Deciles_and_Population_Denominators_3.csv,lad_2019,properties.lad19cd,social_need,higher_is_higher_need,"Higher index values mean stronger relative deprivation within the selected geography level. The index is derived from the population-weighted average IMD rank of LSOAs in each 2019 local authority; 100 is the highest relative need in the current map, not an absolute deprivation score.",Population-weighted average IMD rank using total population mid-2015 excluding prisoners,26985.7,8.1,27092.3,29055.0,87887,55,0,0.0,0,0.0,11.0
imd2019_need,IMD 2019 population-weighted relative need index,E09000029,Sutton,34.6,0-100 relative index,2019,"English Indices of Deprivation 2019 File 7: ranks, deciles, scores and population denominators",https://assets.publishing.service.gov.uk/media/5dc407b440f0b6379a7acc8d/File_7_-_All_IoD2019_Scores__Ranks__Deciles_and_Population_Denominators_3.csv,lad_2019,properties.lad19cd,social_need,higher_is_higher_need,"Higher index values mean stronger relative deprivation within the selected geography level. The index is derived from the population-weighted average IMD rank of LSOAs in each 2019 local authority; 100 is the highest relative need in the current map, not an absolute deprivation score.",Population-weighted average IMD rank using total population mid-2015 excluding prisoners,21429.8,14.0,21630.7,23157.0,199870,121,1,0.8,7,5.8,34.6
imd2019_need,IMD 2019 population-weighted relative need index,E07000113,Swale,71.2,0-100 relative index,2019,"English Indices of Deprivation 2019 File 7: ranks, deciles, scores and population denominators",https://assets.publishing.service.gov.uk/media/5dc407b440f0b6379a7acc8d/File_7_-_All_IoD2019_Scores__Ranks__Deciles_and_Population_Denominators_3.csv,lad_2019,properties.lad19cd,social_need,higher_is_higher_need,"Higher index values mean stronger relative deprivation within the selected geography level. The index is derived from the population-weighted average IMD rank of LSOAs in each 2019 local authority; 100 is the highest relative need in the current map, not an absolute deprivation score.",Population-weighted average IMD rank using total population mid-2015 excluding prisoners,12849.1,27.1,12860.0,12889.0,140892,85,16,18.8,22,25.9,71.2
imd2019_need,IMD 2019 population-weighted relative need index,E06000030,Swindon,47.3,0-100 relative index,2019,"English Indices of Deprivation 2019 File 7: ranks, deciles, scores and population denominators",https://assets.publishing.service.gov.uk/media/5dc407b440f0b6379a7acc8d/File_7_-_All_IoD2019_Scores__Ranks__Deciles_and_Population_Denominators_3.csv,lad_2019,properties.lad19cd,social_need,higher_is_higher_need,"Higher index values mean stronger relative deprivation within the selected geography level. The index is derived from the population-weighted average IMD rank of LSOAs in each 2019 local authority; 100 is the highest relative need in the current map, not an absolute deprivation score.",Population-weighted average IMD rank using total population mid-2015 excluding prisoners,18462.5,18.6,18573.4,20786.5,217584,132,12,9.1,20,15.2,47.3
imd2019_need,IMD 2019 population-weighted relative need index,E08000008,Tameside,83.0,0-100 relative index,2019,"English Indices of Deprivation 2019 File 7: ranks, deciles, scores and population denominators",https://assets.publishing.service.gov.uk/media/5dc407b440f0b6379a7acc8d/File_7_-_All_IoD2019_Scores__Ranks__Deciles_and_Population_Denominators_3.csv,lad_2019,properties.lad19cd,social_need,higher_is_higher_need,"Higher index values mean stronger relative deprivation within the selected geography level. The index is derived from the population-weighted average IMD rank of LSOAs in each 2019 local authority; 100 is the highest relative need in the current map, not an absolute deprivation score.",Population-weighted average IMD rank using total population mid-2015 excluding prisoners,10070.7,31.4,10280.7,8877.0,221507,141,29,20.6,60,42.6,83.0
imd2019_need,IMD 2019 population-weighted relative need index,E07000199,Tamworth,58.2,0-100 relative index,2019,"English Indices of Deprivation 2019 File 7: ranks, deciles, scores and population denominators",https://assets.publishing.service.gov.uk/media/5dc407b440f0b6379a7acc8d/File_7_-_All_IoD2019_Scores__Ranks__Deciles_and_Population_Denominators_3.csv,lad_2019,properties.lad19cd,social_need,higher_is_higher_need,"Higher index values mean stronger relative deprivation within the selected geography level. The index is derived from the population-weighted average IMD rank of LSOAs in each 2019 local authority; 100 is the highest relative need in the current map, not an absolute deprivation score.",Population-weighted average IMD rank using total population mid-2015 excluding prisoners,15900.0,21.1,16091.1,16342.0,77108,51,4,7.8,10,19.6,58.2
imd2019_need,IMD 2019 population-weighted relative need index,E07000215,Tandridge,28.7,0-100 relative index,2019,"English Indices of Deprivation 2019 File 7: ranks, deciles, scores and population denominators",https://assets.publishing.service.gov.uk/media/5dc407b440f0b6379a7acc8d/File_7_-_All_IoD2019_Scores__Ranks__Deciles_and_Population_Denominators_3.csv,lad_2019,properties.lad19cd,social_need,higher_is_higher_need,"Higher index values mean stronger relative deprivation within the selected geography level. The index is derived from the population-weighted average IMD rank of LSOAs in each 2019 local authority; 100 is the highest relative need in the current map, not an absolute deprivation score.",Population-weighted average IMD rank using total population mid-2015 excluding prisoners,22817.4,11.9,22664.5,24245.5,85914,50,0,0.0,0,0.0,28.7
imd2019_need,IMD 2019 population-weighted relative need index,E07000045,Teignbridge,44.3,0-100 relative index,2019,"English Indices of Deprivation 2019 File 7: ranks, deciles, scores and population denominators",https://assets.publishing.service.gov.uk/media/5dc407b440f0b6379a7acc8d/File_7_-_All_IoD2019_Scores__Ranks__Deciles_and_Population_Denominators_3.csv,lad_2019,properties.lad19cd,social_need,higher_is_higher_need,"Higher index values mean stronger relative deprivation within the selected geography level. The index is derived from the population-weighted average IMD rank of LSOAs in each 2019 local authority; 100 is the highest relative need in the current map, not an absolute deprivation score.",Population-weighted average IMD rank using total population mid-2015 excluding prisoners,19158.2,15.9,19367.7,19306.5,128280,84,0,0.0,3,3.6,44.3
imd2019_need,IMD 2019 population-weighted relative need index,E06000020,Telford and Wrekin,65.2,0-100 relative index,2019,"English Indices of Deprivation 2019 File 7: ranks, deciles, scores and population denominators",https://assets.publishing.service.gov.uk/media/5dc407b440f0b6379a7acc8d/File_7_-_All_IoD2019_Scores__Ranks__Deciles_and_Population_Denominators_3.csv,lad_2019,properties.lad19cd,social_need,higher_is_higher_need,"Higher index values mean stronger relative deprivation within the selected geography level. The index is derived from the population-weighted average IMD rank of LSOAs in each 2019 local authority; 100 is the highest relative need in the current map, not an absolute deprivation score.",Population-weighted average IMD rank using total population mid-2015 excluding prisoners,14261.5,25.0,14165.6,12646.5,171677,108,18,16.7,28,25.9,65.2
imd2019_need,IMD 2019 population-weighted relative need index,E07000076,Tendring,80.1,0-100 relative index,2019,"English Indices of Deprivation 2019 File 7: ranks, deciles, scores and population denominators",https://assets.publishing.service.gov.uk/media/5dc407b440f0b6379a7acc8d/File_7_-_All_IoD2019_Scores__Ranks__Deciles_and_Population_Denominators_3.csv,lad_2019,properties.lad19cd,social_need,higher_is_higher_need,"Higher index values mean stronger relative deprivation within the selected geography level. The index is derived from the population-weighted average IMD rank of LSOAs in each 2019 local authority; 100 is the highest relative need in the current map, not an absolute deprivation score.",Population-weighted average IMD rank using total population mid-2015 excluding prisoners,10761.9,30.5,10884.4,10809.0,141790,89,16,18.0,27,30.3,80.1
imd2019_need,IMD 2019 population-weighted relative need index,E07000093,Test Valley,28.1,0-100 relative index,2019,"English Indices of Deprivation 2019 File 7: ranks, deciles, scores and population denominators",https://assets.publishing.service.gov.uk/media/5dc407b440f0b6379a7acc8d/File_7_-_All_IoD2019_Scores__Ranks__Deciles_and_Population_Denominators_3.csv,lad_2019,properties.lad19cd,social_need,higher_is_higher_need,"Higher index values mean stronger relative deprivation within the selected geography level. The index is derived from the population-weighted average IMD rank of LSOAs in each 2019 local authority; 100 is the highest relative need in the current map, not an absolute deprivation score.",Population-weighted average IMD rank using total population mid-2015 excluding prisoners,22955.0,11.9,23348.6,22828.0,121352,71,0,0.0,1,1.4,28.1
imd2019_need,IMD 2019 population-weighted relative need index,E07000083,Tewkesbury,28.5,0-100 relative index,2019,"English Indices of Deprivation 2019 File 7: ranks, deciles, scores and population denominators",https://assets.publishing.service.gov.uk/media/5dc407b440f0b6379a7acc8d/File_7_-_All_IoD2019_Scores__Ranks__Deciles_and_Population_Denominators_3.csv,lad_2019,properties.lad19cd,social_need,higher_is_higher_need,"Higher index values mean stronger relative deprivation within the selected geography level. The index is derived from the population-weighted average IMD rank of LSOAs in each 2019 local authority; 100 is the highest relative need in the current map, not an absolute deprivation score.",Population-weighted average IMD rank using total population mid-2015 excluding prisoners,22878.0,12.1,22984.2,24687.0,86868,50,0,0.0,1,2.0,28.5
imd2019_need,IMD 2019 population-weighted relative need index,E07000114,Thanet,79.6,0-100 relative index,2019,"English Indices of Deprivation 2019 File 7: ranks, deciles, scores and population denominators",https://assets.publishing.service.gov.uk/media/5dc407b440f0b6379a7acc8d/File_7_-_All_IoD2019_Scores__Ranks__Deciles_and_Population_Denominators_3.csv,lad_2019,properties.lad19cd,social_need,higher_is_higher_need,"Higher index values mean stronger relative deprivation within the selected geography level. The index is derived from the population-weighted average IMD rank of LSOAs in each 2019 local authority; 100 is the highest relative need in the current map, not an absolute deprivation score.",Population-weighted average IMD rank using total population mid-2015 excluding prisoners,10859.9,31.3,11175.2,10752.5,139822,84,18,21.4,29,34.5,79.6
imd2019_need,IMD 2019 population-weighted relative need index,E07000102,Three Rivers,19.0,0-100 relative index,2019,"English Indices of Deprivation 2019 File 7: ranks, deciles, scores and population denominators",https://assets.publishing.service.gov.uk/media/5dc407b440f0b6379a7acc8d/File_7_-_All_IoD2019_Scores__Ranks__Deciles_and_Population_Denominators_3.csv,lad_2019,properties.lad19cd,social_need,higher_is_higher_need,"Higher index values mean stronger relative deprivation within the selected geography level. The index is derived from the population-weighted average IMD rank of LSOAs in each 2019 local authority; 100 is the highest relative need in the current map, not an absolute deprivation score.",Population-weighted average IMD rank using total population mid-2015 excluding prisoners,25102.8,9.9,25161.7,28666.0,91797,53,0,0.0,1,1.9,19.0
imd2019_need,IMD 2019 population-weighted relative need index,E06000034,Thurrock,60.0,0-100 relative index,2019,"English Indices of Deprivation 2019 File 7: ranks, deciles, scores and population denominators",https://assets.publishing.service.gov.uk/media/5dc407b440f0b6379a7acc8d/File_7_-_All_IoD2019_Scores__Ranks__Deciles_and_Population_Denominators_3.csv,lad_2019,properties.lad19cd,social_need,higher_is_higher_need,"Higher index values mean stronger relative deprivation within the selected geography level. The index is derived from the population-weighted average IMD rank of LSOAs in each 2019 local authority; 100 is the highest relative need in the current map, not an absolute deprivation score.",Population-weighted average IMD rank using total population mid-2015 excluding prisoners,15469.3,20.9,15783.9,13697.5,166040,98,4,4.1,11,11.2,60.0
imd2019_need,IMD 2019 population-weighted relative need index,E07000115,Tonbridge and Malling,32.9,0-100 relative index,2019,"English Indices of Deprivation 2019 File 7: ranks, deciles, scores and population denominators",https://assets.publishing.service.gov.uk/media/5dc407b440f0b6379a7acc8d/File_7_-_All_IoD2019_Scores__Ranks__Deciles_and_Population_Denominators_3.csv,lad_2019,properties.lad19cd,social_need,higher_is_higher_need,"Higher index values mean stronger relative deprivation within the selected geography level. The index is derived from the population-weighted average IMD rank of LSOAs in each 2019 local authority; 100 is the highest relative need in the current map, not an absolute deprivation score.",Population-weighted average IMD rank using total population mid-2015 excluding prisoners,21839.4,13.3,22026.4,22360.5,125779,72,0,0.0,3,4.2,32.9
imd2019_need,IMD 2019 population-weighted relative need index,E06000027,Torbay,75.8,0-100 relative index,2019,"English Indices of Deprivation 2019 File 7: ranks, deciles, scores and population denominators",https://assets.publishing.service.gov.uk/media/5dc407b440f0b6379a7acc8d/File_7_-_All_IoD2019_Scores__Ranks__Deciles_and_Population_Denominators_3.csv,lad_2019,properties.lad19cd,social_need,higher_is_higher_need,"Higher index values mean stronger relative deprivation within the selected geography level. The index is derived from the population-weighted average IMD rank of LSOAs in each 2019 local authority; 100 is the highest relative need in the current map, not an absolute deprivation score.",Population-weighted average IMD rank using total population mid-2015 excluding prisoners,11756.2,28.1,11887.7,10261.0,133791,89,14,15.7,24,27.0,75.8
imd2019_need,IMD 2019 population-weighted relative need index,E07000046,Torridge,71.6,0-100 relative index,2019,"English Indices of Deprivation 2019 File 7: ranks, deciles, scores and population denominators",https://assets.publishing.service.gov.uk/media/5dc407b440f0b6379a7acc8d/File_7_-_All_IoD2019_Scores__Ranks__Deciles_and_Population_Denominators_3.csv,lad_2019,properties.lad19cd,social_need,higher_is_higher_need,"Higher index values mean stronger relative deprivation within the selected geography level. The index is derived from the population-weighted average IMD rank of LSOAs in each 2019 local authority; 100 is the highest relative need in the current map, not an absolute deprivation score.",Population-weighted average IMD rank using total population mid-2015 excluding prisoners,12758.0,23.3,12907.8,11962.0,66312,37,0,0.0,2,5.4,71.6
imd2019_need,IMD 2019 population-weighted relative need index,E09000030,Tower Hamlets,81.9,0-100 relative index,2019,"English Indices of Deprivation 2019 File 7: ranks, deciles, scores and population denominators",https://assets.publishing.service.gov.uk/media/5dc407b440f0b6379a7acc8d/File_7_-_All_IoD2019_Scores__Ranks__Deciles_and_Population_Denominators_3.csv,lad_2019,properties.lad19cd,social_need,higher_is_higher_need,"Higher index values mean stronger relative deprivation within the selected geography level. The index is derived from the population-weighted average IMD rank of LSOAs in each 2019 local authority; 100 is the highest relative need in the current map, not an absolute deprivation score.",Population-weighted average IMD rank using total population mid-2015 excluding prisoners,10338.0,27.9,10369.3,8648.0,293828,144,2,1.4,46,31.9,81.9
imd2019_need,IMD 2019 population-weighted relative need index,E08000009,Trafford,38.9,0-100 relative index,2019,"English Indices of Deprivation 2019 File 7: ranks, deciles, scores and population denominators",https://assets.publishing.service.gov.uk/media/5dc407b440f0b6379a7acc8d/File_7_-_All_IoD2019_Scores__Ranks__Deciles_and_Population_Denominators_3.csv,lad_2019,properties.lad19cd,social_need,higher_is_higher_need,"Higher index values mean stronger relative deprivation within the selected geography level. The index is derived from the population-weighted average IMD rank of LSOAs in each 2019 local authority; 100 is the highest relative need in the current map, not an absolute deprivation score.",Population-weighted average IMD rank using total population mid-2015 excluding prisoners,20432.8,16.1,20576.4,22972.5,232975,138,7,5.1,12,8.7,38.9
imd2019_need,IMD 2019 population-weighted relative need index,E07000116,Tunbridge Wells,25.6,0-100 relative index,2019,"English Indices of Deprivation 2019 File 7: ranks, deciles, scores and population denominators",https://assets.publishing.service.gov.uk/media/5dc407b440f0b6379a7acc8d/File_7_-_All_IoD2019_Scores__Ranks__Deciles_and_Population_Denominators_3.csv,lad_2019,properties.lad19cd,social_need,higher_is_higher_need,"Higher index values mean stronger relative deprivation within the selected geography level. The index is derived from the population-weighted average IMD rank of LSOAs in each 2019 local authority; 100 is the highest relative need in the current map, not an absolute deprivation score.",Population-weighted average IMD rank using total population mid-2015 excluding prisoners,23549.9,11.3,23489.7,23824.0,116610,68,0,0.0,1,1.5,25.6
imd2019_need,IMD 2019 population-weighted relative need index,E07000077,Uttlesford,17.5,0-100 relative index,2019,"English Indices of Deprivation 2019 File 7: ranks, deciles, scores and population denominators",https://assets.publishing.service.gov.uk/media/5dc407b440f0b6379a7acc8d/File_7_-_All_IoD2019_Scores__Ranks__Deciles_and_Population_Denominators_3.csv,lad_2019,properties.lad19cd,social_need,higher_is_higher_need,"Higher index values mean stronger relative deprivation within the selected geography level. The index is derived from the population-weighted average IMD rank of LSOAs in each 2019 local authority; 100 is the highest relative need in the current map, not an absolute deprivation score.",Population-weighted average IMD rank using total population mid-2015 excluding prisoners,25458.5,9.3,25428.1,25771.5,85205,46,0,0.0,0,0.0,17.5
imd2019_need,IMD 2019 population-weighted relative need index,E07000180,Vale of White Horse,12.6,0-100 relative index,2019,"English Indices of Deprivation 2019 File 7: ranks, deciles, scores and population denominators",https://assets.publishing.service.gov.uk/media/5dc407b440f0b6379a7acc8d/File_7_-_All_IoD2019_Scores__Ranks__Deciles_and_Population_Denominators_3.csv,lad_2019,properties.lad19cd,social_need,higher_is_higher_need,"Higher index values mean stronger relative deprivation within the selected geography level. The index is derived from the population-weighted average IMD rank of LSOAs in each 2019 local authority; 100 is the highest relative need in the current map, not an absolute deprivation score.",Population-weighted average IMD rank using total population mid-2015 excluding prisoners,26591.7,8.4,26577.5,27315.0,126534,76,0,0.0,1,1.3,12.6
imd2019_need,IMD 2019 population-weighted relative need index,E08000036,Wakefield,72.4,0-100 relative index,2019,"English Indices of Deprivation 2019 File 7: ranks, deciles, scores and population denominators",https://assets.publishing.service.gov.uk/media/5dc407b440f0b6379a7acc8d/File_7_-_All_IoD2019_Scores__Ranks__Deciles_and_Population_Denominators_3.csv,lad_2019,properties.lad19cd,social_need,higher_is_higher_need,"Higher index values mean stronger relative deprivation within the selected geography level. The index is derived from the population-weighted average IMD rank of LSOAs in each 2019 local authority; 100 is the highest relative need in the current map, not an absolute deprivation score.",Population-weighted average IMD rank using total population mid-2015 excluding prisoners,12572.1,27.3,12568.3,10898.0,333068,209,33,15.8,71,34.0,72.4
imd2019_need,IMD 2019 population-weighted relative need index,E08000030,Walsall,80.4,0-100 relative index,2019,"English Indices of Deprivation 2019 File 7: ranks, deciles, scores and population denominators",https://assets.publishing.service.gov.uk/media/5dc407b440f0b6379a7acc8d/File_7_-_All_IoD2019_Scores__Ranks__Deciles_and_Population_Denominators_3.csv,lad_2019,properties.lad19cd,social_need,higher_is_higher_need,"Higher index values mean stronger relative deprivation within the selected geography level. The index is derived from the population-weighted average IMD rank of LSOAs in each 2019 local authority; 100 is the highest relative need in the current map, not an absolute deprivation score.",Population-weighted average IMD rank using total population mid-2015 excluding prisoners,10692.4,31.6,11090.4,6780.0,275880,167,44,26.3,83,49.7,80.4
imd2019_need,IMD 2019 population-weighted relative need index,E09000031,Waltham Forest,76.2,0-100 relative index,2019,"English Indices of Deprivation 2019 File 7: ranks, deciles, scores and population denominators",https://assets.publishing.service.gov.uk/media/5dc407b440f0b6379a7acc8d/File_7_-_All_IoD2019_Scores__Ranks__Deciles_and_Population_Denominators_3.csv,lad_2019,properties.lad19cd,social_need,higher_is_higher_need,"Higher index values mean stronger relative deprivation within the selected geography level. The index is derived from the population-weighted average IMD rank of LSOAs in each 2019 local authority; 100 is the highest relative need in the current map, not an absolute deprivation score.",Population-weighted average IMD rank using total population mid-2015 excluding prisoners,11658.4,25.2,11735.4,11134.0,270671,144,3,2.1,23,16.0,76.2
imd2019_need,IMD 2019 population-weighted relative need index,E09000032,Wandsworth,47.0,0-100 relative index,2019,"English Indices of Deprivation 2019 File 7: ranks, deciles, scores and population denominators",https://assets.publishing.service.gov.uk/media/5dc407b440f0b6379a7acc8d/File_7_-_All_IoD2019_Scores__Ranks__Deciles_and_Population_Denominators_3.csv,lad_2019,properties.lad19cd,social_need,higher_is_higher_need,"Higher index values mean stronger relative deprivation within the selected geography level. The index is derived from the population-weighted average IMD rank of LSOAs in each 2019 local authority; 100 is the highest relative need in the current map, not an absolute deprivation score.",Population-weighted average IMD rank using total population mid-2015 excluding prisoners,18532.8,16.6,18713.2,18736.0,318827,179,0,0.0,8,4.5,47.0
imd2019_need,IMD 2019 population-weighted relative need index,E06000007,Warrington,46.8,0-100 relative index,2019,"English Indices of Deprivation 2019 File 7: ranks, deciles, scores and population denominators",https://assets.publishing.service.gov.uk/media/5dc407b440f0b6379a7acc8d/File_7_-_All_IoD2019_Scores__Ranks__Deciles_and_Population_Denominators_3.csv,lad_2019,properties.lad19cd,social_need,higher_is_higher_need,"Higher index values mean stronger relative deprivation within the selected geography level. The index is derived from the population-weighted average IMD rank of LSOAs in each 2019 local authority; 100 is the highest relative need in the current map, not an absolute deprivation score.",Population-weighted average IMD rank using total population mid-2015 excluding prisoners,18567.1,18.9,18533.8,20932.0,206466,127,10,7.9,24,18.9,46.8
imd2019_need,IMD 2019 population-weighted relative need index,E07000222,Warwick,28.0,0-100 relative index,2019,"English Indices of Deprivation 2019 File 7: ranks, deciles, scores and population denominators",https://assets.publishing.service.gov.uk/media/5dc407b440f0b6379a7acc8d/File_7_-_All_IoD2019_Scores__Ranks__Deciles_and_Population_Denominators_3.csv,lad_2019,properties.lad19cd,social_need,higher_is_higher_need,"Higher index values mean stronger relative deprivation within the selected geography level. The index is derived from the population-weighted average IMD rank of LSOAs in each 2019 local authority; 100 is the highest relative need in the current map, not an absolute deprivation score.",Population-weighted average IMD rank using total population mid-2015 excluding prisoners,22984.2,12.0,22966.8,24560.5,138893,86,0,0.0,1,1.2,28.0
imd2019_need,IMD 2019 population-weighted relative need index,E07000103,Watford,42.5,0-100 relative index,2019,"English Indices of Deprivation 2019 File 7: ranks, deciles, scores and population denominators",https://assets.publishing.service.gov.uk/media/5dc407b440f0b6379a7acc8d/File_7_-_All_IoD2019_Scores__Ranks__Deciles_and_Population_Denominators_3.csv,lad_2019,properties.lad19cd,social_need,higher_is_higher_need,"Higher index values mean stronger relative deprivation within the selected geography level. The index is derived from the population-weighted average IMD rank of LSOAs in each 2019 local authority; 100 is the highest relative need in the current map, not an absolute deprivation score.",Population-weighted average IMD rank using total population mid-2015 excluding prisoners,19579.9,15.4,19584.3,18834.0,96348,53,0,0.0,1,1.9,42.5
imd2019_need,IMD 2019 population-weighted relative need index,E07000216,Waverley,8.8,0-100 relative index,2019,"English Indices of Deprivation 2019 File 7: ranks, deciles, scores and population denominators",https://assets.publishing.service.gov.uk/media/5dc407b440f0b6379a7acc8d/File_7_-_All_IoD2019_Scores__Ranks__Deciles_and_Population_Denominators_3.csv,lad_2019,properties.lad19cd,social_need,higher_is_higher_need,"Higher index values mean stronger relative deprivation within the selected geography level. The index is derived from the population-weighted average IMD rank of LSOAs in each 2019 local authority; 100 is the highest relative need in the current map, not an absolute deprivation score.",Population-weighted average IMD rank using total population mid-2015 excluding prisoners,27501.5,7.5,27374.8,28993.0,124011,82,0,0.0,0,0.0,8.8
imd2019_need,IMD 2019 population-weighted relative need index,E07000065,Wealden,29.8,0-100 relative index,2019,"English Indices of Deprivation 2019 File 7: ranks, deciles, scores and population denominators",https://assets.publishing.service.gov.uk/media/5dc407b440f0b6379a7acc8d/File_7_-_All_IoD2019_Scores__Ranks__Deciles_and_Population_Denominators_3.csv,lad_2019,properties.lad19cd,social_need,higher_is_higher_need,"Higher index values mean stronger relative deprivation within the selected geography level. The index is derived from the population-weighted average IMD rank of LSOAs in each 2019 local authority; 100 is the highest relative need in the current map, not an absolute deprivation score.",Population-weighted average IMD rank using total population mid-2015 excluding prisoners,22572.8,12.3,22421.7,23547.0,156790,95,0,0.0,4,4.2,29.8
imd2019_need,IMD 2019 population-weighted relative need index,E07000156,Wellingborough,58.7,0-100 relative index,2019,"English Indices of Deprivation 2019 File 7: ranks, deciles, scores and population denominators",https://assets.publishing.service.gov.uk/media/5dc407b440f0b6379a7acc8d/File_7_-_All_IoD2019_Scores__Ranks__Deciles_and_Population_Denominators_3.csv,lad_2019,properties.lad19cd,social_need,higher_is_higher_need,"Higher index values mean stronger relative deprivation within the selected geography level. The index is derived from the population-weighted average IMD rank of LSOAs in each 2019 local authority; 100 is the highest relative need in the current map, not an absolute deprivation score.",Population-weighted average IMD rank using total population mid-2015 excluding prisoners,15787.9,21.7,15679.2,14050.0,77197,47,3,6.4,10,21.3,58.7
imd2019_need,IMD 2019 population-weighted relative need index,E07000241,Welwyn Hatfield,38.0,0-100 relative index,2019,"English Indices of Deprivation 2019 File 7: ranks, deciles, scores and population denominators",https://assets.publishing.service.gov.uk/media/5dc407b440f0b6379a7acc8d/File_7_-_All_IoD2019_Scores__Ranks__Deciles_and_Population_Denominators_3.csv,lad_2019,properties.lad19cd,social_need,higher_is_higher_need,"Higher index values mean stronger relative deprivation within the selected geography level. The index is derived from the population-weighted average IMD rank of LSOAs in each 2019 local authority; 100 is the highest relative need in the current map, not an absolute deprivation score.",Population-weighted average IMD rank using total population mid-2015 excluding prisoners,20641.9,14.2,20902.5,20388.0,117784,67,0,0.0,1,1.5,38.0
imd2019_need,IMD 2019 population-weighted relative need index,E06000037,West Berkshire,20.0,0-100 relative index,2019,"English Indices of Deprivation 2019 File 7: ranks, deciles, scores and population denominators",https://assets.publishing.service.gov.uk/media/5dc407b440f0b6379a7acc8d/File_7_-_All_IoD2019_Scores__Ranks__Deciles_and_Population_Denominators_3.csv,lad_2019,properties.lad19cd,social_need,higher_is_higher_need,"Higher index values mean stronger relative deprivation within the selected geography level. The index is derived from the population-weighted average IMD rank of LSOAs in each 2019 local authority; 100 is the highest relative need in the current map, not an absolute deprivation score.",Population-weighted average IMD rank using total population mid-2015 excluding prisoners,24870.7,10.0,24962.3,25730.0,157460,97,0,0.0,1,1.0,20.0
imd2019_need,IMD 2019 population-weighted relative need index,E07000047,West Devon,55.3,0-100 relative index,2019,"English Indices of Deprivation 2019 File 7: ranks, deciles, scores and population denominators",https://assets.publishing.service.gov.uk/media/5dc407b440f0b6379a7acc8d/File_7_-_All_IoD2019_Scores__Ranks__Deciles_and_Population_Denominators_3.csv,lad_2019,properties.lad19cd,social_need,higher_is_higher_need,"Higher index values mean stronger relative deprivation within the selected geography level. The index is derived from the population-weighted average IMD rank of LSOAs in each 2019 local authority; 100 is the highest relative need in the current map, not an absolute deprivation score.",Population-weighted average IMD rank using total population mid-2015 excluding prisoners,16574.9,18.1,16630.4,15226.0,53945,31,0,0.0,0,0.0,55.3
imd2019_need,IMD 2019 population-weighted relative need index,E07000127,West Lancashire,45.9,0-100 relative index,2019,"English Indices of Deprivation 2019 File 7: ranks, deciles, scores and population denominators",https://assets.publishing.service.gov.uk/media/5dc407b440f0b6379a7acc8d/File_7_-_All_IoD2019_Scores__Ranks__Deciles_and_Population_Denominators_3.csv,lad_2019,properties.lad19cd,social_need,higher_is_higher_need,"Higher index values mean stronger relative deprivation within the selected geography level. The index is derived from the population-weighted average IMD rank of LSOAs in each 2019 local authority; 100 is the highest relative need in the current map, not an absolute deprivation score.",Population-weighted average IMD rank using total population mid-2015 excluding prisoners,18773.7,18.6,18716.7,20421.0,112482,73,6,8.2,14,19.2,45.9
imd2019_need,IMD 2019 population-weighted relative need index,E07000142,West Lindsey,53.0,0-100 relative index,2019,"English Indices of Deprivation 2019 File 7: ranks, deciles, scores and population denominators",https://assets.publishing.service.gov.uk/media/5dc407b440f0b6379a7acc8d/File_7_-_All_IoD2019_Scores__Ranks__Deciles_and_Population_Denominators_3.csv,lad_2019,properties.lad19cd,social_need,higher_is_higher_need,"Higher index values mean stronger relative deprivation within the selected geography level. The index is derived from the population-weighted average IMD rank of LSOAs in each 2019 local authority; 100 is the highest relative need in the current map, not an absolute deprivation score.",Population-weighted average IMD rank using total population mid-2015 excluding prisoners,17120.0,20.4,16899.7,17303.5,92958,52,4,7.7,9,17.3,53.0
imd2019_need,IMD 2019 population-weighted relative need index,E07000181,West Oxfordshire,13.7,0-100 relative index,2019,"English Indices of Deprivation 2019 File 7: ranks, deciles, scores and population denominators",https://assets.publishing.service.gov.uk/media/5dc407b440f0b6379a7acc8d/File_7_-_All_IoD2019_Scores__Ranks__Deciles_and_Population_Denominators_3.csv,lad_2019,properties.lad19cd,social_need,higher_is_higher_need,"Higher index values mean stronger relative deprivation within the selected geography level. The index is derived from the population-weighted average IMD rank of LSOAs in each 2019 local authority; 100 is the highest relative need in the current map, not an absolute deprivation score.",Population-weighted average IMD rank using total population mid-2015 excluding prisoners,26342.9,8.7,26272.2,27987.0,108609,66,0,0.0,0,0.0,13.7
imd2019_need,IMD 2019 population-weighted relative need index,E07000245,West Suffolk,46.5,0-100 relative index,2019,"English Indices of Deprivation 2019 File 7: ranks, deciles, scores and population denominators",https://assets.publishing.service.gov.uk/media/5dc407b440f0b6379a7acc8d/File_7_-_All_IoD2019_Scores__Ranks__Deciles_and_Population_Denominators_3.csv,lad_2019,properties.lad19cd,social_need,higher_is_higher_need,"Higher index values mean stronger relative deprivation within the selected geography level. The index is derived from the population-weighted average IMD rank of LSOAs in each 2019 local authority; 100 is the highest relative need in the current map, not an absolute deprivation score.",Population-weighted average IMD rank using total population mid-2015 excluding prisoners,18652.5,16.2,18841.1,18507.5,175438,100,0,0.0,1,1.0,46.5
imd2019_need,IMD 2019 population-weighted relative need index,E09000033,Westminster,56.6,0-100 relative index,2019,"English Indices of Deprivation 2019 File 7: ranks, deciles, scores and population denominators",https://assets.publishing.service.gov.uk/media/5dc407b440f0b6379a7acc8d/File_7_-_All_IoD2019_Scores__Ranks__Deciles_and_Population_Denominators_3.csv,lad_2019,properties.lad19cd,social_need,higher_is_higher_need,"Higher index values mean stronger relative deprivation within the selected geography level. The index is derived from the population-weighted average IMD rank of LSOAs in each 2019 local authority; 100 is the highest relative need in the current map, not an absolute deprivation score.",Population-weighted average IMD rank using total population mid-2015 excluding prisoners,16271.2,20.3,16195.0,15874.0,238047,128,3,2.3,18,14.1,56.6
imd2019_need,IMD 2019 population-weighted relative need index,E08000010,Wigan,65.2,0-100 relative index,2019,"English Indices of Deprivation 2019 File 7: ranks, deciles, scores and population denominators",https://assets.publishing.service.gov.uk/media/5dc407b440f0b6379a7acc8d/File_7_-_All_IoD2019_Scores__Ranks__Deciles_and_Population_Denominators_3.csv,lad_2019,properties.lad19cd,social_need,higher_is_higher_need,"Higher index values mean stronger relative deprivation within the selected geography level. The index is derived from the population-weighted average IMD rank of LSOAs in each 2019 local authority; 100 is the highest relative need in the current map, not an absolute deprivation score.",Population-weighted average IMD rank using total population mid-2015 excluding prisoners,14244.6,25.7,14322.8,13212.5,321839,200,33,16.5,65,32.5,65.2
imd2019_need,IMD 2019 population-weighted relative need index,E06000054,Wiltshire,34.0,0-100 relative index,2019,"English Indices of Deprivation 2019 File 7: ranks, deciles, scores and population denominators",https://assets.publishing.service.gov.uk/media/5dc407b440f0b6379a7acc8d/File_7_-_All_IoD2019_Scores__Ranks__Deciles_and_Population_Denominators_3.csv,lad_2019,properties.lad19cd,social_need,higher_is_higher_need,"Higher index values mean stronger relative deprivation within the selected geography level. The index is derived from the population-weighted average IMD rank of LSOAs in each 2019 local authority; 100 is the highest relative need in the current map, not an absolute deprivation score.",Population-weighted average IMD rank using total population mid-2015 excluding prisoners,21579.5,13.4,21461.6,22228.0,488015,285,1,0.4,8,2.8,34.0
imd2019_need,IMD 2019 population-weighted relative need index,E07000094,Winchester,18.3,0-100 relative index,2019,"English Indices of Deprivation 2019 File 7: ranks, deciles, scores and population denominators",https://assets.publishing.service.gov.uk/media/5dc407b440f0b6379a7acc8d/File_7_-_All_IoD2019_Scores__Ranks__Deciles_and_Population_Denominators_3.csv,lad_2019,properties.lad19cd,social_need,higher_is_higher_need,"Higher index values mean stronger relative deprivation within the selected geography level. The index is derived from the population-weighted average IMD rank of LSOAs in each 2019 local authority; 100 is the highest relative need in the current map, not an absolute deprivation score.",Population-weighted average IMD rank using total population mid-2015 excluding prisoners,25258.4,9.6,25221.6,27548.0,121451,70,0,0.0,0,0.0,18.3
imd2019_need,IMD 2019 population-weighted relative need index,E06000040,Windsor and Maidenhead,12.8,0-100 relative index,2019,"English Indices of Deprivation 2019 File 7: ranks, deciles, scores and population denominators",https://assets.publishing.service.gov.uk/media/5dc407b440f0b6379a7acc8d/File_7_-_All_IoD2019_Scores__Ranks__Deciles_and_Population_Denominators_3.csv,lad_2019,properties.lad19cd,social_need,higher_is_higher_need,"Higher index values mean stronger relative deprivation within the selected geography level. The index is derived from the population-weighted average IMD rank of LSOAs in each 2019 local authority; 100 is the highest relative need in the current map, not an absolute deprivation score.",Population-weighted average IMD rank using total population mid-2015 excluding prisoners,26555.7,8.4,26475.9,29651.0,148277,89,0,0.0,0,0.0,12.8
imd2019_need,IMD 2019 population-weighted relative need index,E08000015,Wirral,69.4,0-100 relative index,2019,"English Indices of Deprivation 2019 File 7: ranks, deciles, scores and population denominators",https://assets.publishing.service.gov.uk/media/5dc407b440f0b6379a7acc8d/File_7_-_All_IoD2019_Scores__Ranks__Deciles_and_Population_Denominators_3.csv,lad_2019,properties.lad19cd,social_need,higher_is_higher_need,"Higher index values mean stronger relative deprivation within the selected geography level. The index is derived from the population-weighted average IMD rank of LSOAs in each 2019 local authority; 100 is the highest relative need in the current map, not an absolute deprivation score.",Population-weighted average IMD rank using total population mid-2015 excluding prisoners,13259.2,29.6,13399.9,12744.5,321700,206,52,25.2,72,35.0,69.4
imd2019_need,IMD 2019 population-weighted relative need index,E07000217,Woking,22.6,0-100 relative index,2019,"English Indices of Deprivation 2019 File 7: ranks, deciles, scores and population denominators",https://assets.publishing.service.gov.uk/media/5dc407b440f0b6379a7acc8d/File_7_-_All_IoD2019_Scores__Ranks__Deciles_and_Population_Denominators_3.csv,lad_2019,properties.lad19cd,social_need,higher_is_higher_need,"Higher index values mean stronger relative deprivation within the selected geography level. The index is derived from the population-weighted average IMD rank of LSOAs in each 2019 local authority; 100 is the highest relative need in the current map, not an absolute deprivation score.",Population-weighted average IMD rank using total population mid-2015 excluding prisoners,24250.3,10.8,24528.9,27122.0,100976,61,0,0.0,1,1.6,22.6
imd2019_need,IMD 2019 population-weighted relative need index,E06000041,Wokingham,1.6,0-100 relative index,2019,"English Indices of Deprivation 2019 File 7: ranks, deciles, scores and population denominators",https://assets.publishing.service.gov.uk/media/5dc407b440f0b6379a7acc8d/File_7_-_All_IoD2019_Scores__Ranks__Deciles_and_Population_Denominators_3.csv,lad_2019,properties.lad19cd,social_need,higher_is_higher_need,"Higher index values mean stronger relative deprivation within the selected geography level. The index is derived from the population-weighted average IMD rank of LSOAs in each 2019 local authority; 100 is the highest relative need in the current map, not an absolute deprivation score.",Population-weighted average IMD rank using total population mid-2015 excluding prisoners,29193.5,5.8,29227.1,30960.0,161200,99,0,0.0,0,0.0,1.6
imd2019_need,IMD 2019 population-weighted relative need index,E08000031,Wolverhampton,85.1,0-100 relative index,2019,"English Indices of Deprivation 2019 File 7: ranks, deciles, scores and population denominators",https://assets.publishing.service.gov.uk/media/5dc407b440f0b6379a7acc8d/File_7_-_All_IoD2019_Scores__Ranks__Deciles_and_Population_Denominators_3.csv,lad_2019,properties.lad19cd,social_need,higher_is_higher_need,"Higher index values mean stronger relative deprivation within the selected geography level. The index is derived from the population-weighted average IMD rank of LSOAs in each 2019 local authority; 100 is the highest relative need in the current map, not an absolute deprivation score.",Population-weighted average IMD rank using total population mid-2015 excluding prisoners,9570.0,32.1,9920.0,6650.0,255106,158,33,20.9,78,49.4,85.1
imd2019_need,IMD 2019 population-weighted relative need index,E07000237,Worcester,51.0,0-100 relative index,2019,"English Indices of Deprivation 2019 File 7: ranks, deciles, scores and population denominators",https://assets.publishing.service.gov.uk/media/5dc407b440f0b6379a7acc8d/File_7_-_All_IoD2019_Scores__Ranks__Deciles_and_Population_Denominators_3.csv,lad_2019,properties.lad19cd,social_need,higher_is_higher_need,"Higher index values mean stronger relative deprivation within the selected geography level. The index is derived from the population-weighted average IMD rank of LSOAs in each 2019 local authority; 100 is the highest relative need in the current map, not an absolute deprivation score.",Population-weighted average IMD rank using total population mid-2015 excluding prisoners,17587.1,20.4,17165.3,17994.0,100985,63,8,12.7,12,19.0,51.0
imd2019_need,IMD 2019 population-weighted relative need index,E07000229,Worthing,46.8,0-100 relative index,2019,"English Indices of Deprivation 2019 File 7: ranks, deciles, scores and population denominators",https://assets.publishing.service.gov.uk/media/5dc407b440f0b6379a7acc8d/File_7_-_All_IoD2019_Scores__Ranks__Deciles_and_Population_Denominators_3.csv,lad_2019,properties.lad19cd,social_need,higher_is_higher_need,"Higher index values mean stronger relative deprivation within the selected geography level. The index is derived from the population-weighted average IMD rank of LSOAs in each 2019 local authority; 100 is the highest relative need in the current map, not an absolute deprivation score.",Population-weighted average IMD rank using total population mid-2015 excluding prisoners,18562.5,17.0,18834.7,17980.0,108303,65,0,0.0,5,7.7,46.8
imd2019_need,IMD 2019 population-weighted relative need index,E07000238,Wychavon,43.5,0-100 relative index,2019,"English Indices of Deprivation 2019 File 7: ranks, deciles, scores and population denominators",https://assets.publishing.service.gov.uk/media/5dc407b440f0b6379a7acc8d/File_7_-_All_IoD2019_Scores__Ranks__Deciles_and_Population_Denominators_3.csv,lad_2019,properties.lad19cd,social_need,higher_is_higher_need,"Higher index values mean stronger relative deprivation within the selected geography level. The index is derived from the population-weighted average IMD rank of LSOAs in each 2019 local authority; 100 is the highest relative need in the current map, not an absolute deprivation score.",Population-weighted average IMD rank using total population mid-2015 excluding prisoners,19344.6,15.8,19422.6,19592.0,121139,78,0,0.0,4,5.1,43.5
imd2019_need,IMD 2019 population-weighted relative need index,E07000007,Wycombe,23.3,0-100 relative index,2019,"English Indices of Deprivation 2019 File 7: ranks, deciles, scores and population denominators",https://assets.publishing.service.gov.uk/media/5dc407b440f0b6379a7acc8d/File_7_-_All_IoD2019_Scores__Ranks__Deciles_and_Population_Denominators_3.csv,lad_2019,properties.lad19cd,social_need,higher_is_higher_need,"Higher index values mean stronger relative deprivation within the selected geography level. The index is derived from the population-weighted average IMD rank of LSOAs in each 2019 local authority; 100 is the highest relative need in the current map, not an absolute deprivation score.",Population-weighted average IMD rank using total population mid-2015 excluding prisoners,24078.7,10.7,24505.4,26399.0,174833,107,0,0.0,0,0.0,23.3
imd2019_need,IMD 2019 population-weighted relative need index,E07000128,Wyre,52.5,0-100 relative index,2019,"English Indices of Deprivation 2019 File 7: ranks, deciles, scores and population denominators",https://assets.publishing.service.gov.uk/media/5dc407b440f0b6379a7acc8d/File_7_-_All_IoD2019_Scores__Ranks__Deciles_and_Population_Denominators_3.csv,lad_2019,properties.lad19cd,social_need,higher_is_higher_need,"Higher index values mean stronger relative deprivation within the selected geography level. The index is derived from the population-weighted average IMD rank of LSOAs in each 2019 local authority; 100 is the highest relative need in the current map, not an absolute deprivation score.",Population-weighted average IMD rank using total population mid-2015 excluding prisoners,17235.8,20.9,16527.1,18376.0,109546,69,10,14.5,12,17.4,52.5
imd2019_need,IMD 2019 population-weighted relative need index,E07000239,Wyre Forest,60.5,0-100 relative index,2019,"English Indices of Deprivation 2019 File 7: ranks, deciles, scores and population denominators",https://assets.publishing.service.gov.uk/media/5dc407b440f0b6379a7acc8d/File_7_-_All_IoD2019_Scores__Ranks__Deciles_and_Population_Denominators_3.csv,lad_2019,properties.lad19cd,social_need,higher_is_higher_need,"Higher index values mean stronger relative deprivation within the selected geography level. The index is derived from the population-weighted average IMD rank of LSOAs in each 2019 local authority; 100 is the highest relative need in the current map, not an absolute deprivation score.",Population-weighted average IMD rank using total population mid-2015 excluding prisoners,15357.9,22.4,16033.6,16341.0,99599,65,4,6.2,13,20.0,60.5
imd2019_need,IMD 2019 population-weighted relative need index,E06000014,York,24.7,0-100 relative index,2019,"English Indices of Deprivation 2019 File 7: ranks, deciles, scores and population denominators",https://assets.publishing.service.gov.uk/media/5dc407b440f0b6379a7acc8d/File_7_-_All_IoD2019_Scores__Ranks__Deciles_and_Population_Denominators_3.csv,lad_2019,properties.lad19cd,social_need,higher_is_higher_need,"Higher index values mean stronger relative deprivation within the selected geography level. The index is derived from the population-weighted average IMD rank of LSOAs in each 2019 local authority; 100 is the highest relative need in the current map, not an absolute deprivation score.",Population-weighted average IMD rank using total population mid-2015 excluding prisoners,23752.8,11.7,23593.5,26576.5,205699,120,1,0.8,6,5.0,24.7
